name,datetime,temp,feelslike,dew,humidity,precip,precipprob,preciptype,snow,snowdepth,windgust,windspeed,winddir,sealevelpressure,cloudcover,visibility,solarradiation,solarenergy,uvindex,severerisk,conditions,icon,stations
"Bhopal, Madhya Pradesh, India",2024-05-01T00:00:00,83.6,81.4,46.5,27.43,0,0,,0,0,11.6,7.6,288.9,1004,0,,0,0,0,,Clear,clear-night,remote
"Bhopal, Madhya Pradesh, India",2024-05-01T01:00:00,83.7,81.5,45.4,26.18,0,0,,0,0,13.6,7.8,291.8,1004,0,,0,0,0,,Clear,clear-night,remote
"Bhopal, Madhya Pradesh, India",2024-05-01T02:00:00,80.3,79.4,46.5,30.47,0,0,,0,0,14.1,6.9,270,1003.1,0,2.5,0,0,0,,Clear,clear-night,42667099999
"Bhopal, Madhya Pradesh, India",2024-05-01T03:00:00,81.6,80.2,47.6,30.46,0,0,,0,0,14.5,8.5,294.6,1004,0,,0,0,0,,Clear,clear-night,remote
"Bhopal, Madhya Pradesh, India",2024-05-01T04:00:00,78.2,78.2,47.2,33.61,0,0,,0,0,14.8,8.1,294.8,1003,0,,0,0,0,,Clear,clear-night,remote
"Bhopal, Madhya Pradesh, India",2024-05-01T05:00:00,75.1,75.1,37.3,25.42,0,0,,0,0,14.5,4.7,200,1006,0,3.7,0,0,0,,Clear,clear-night,VABP
"Bhopal, Madhya Pradesh, India",2024-05-01T06:00:00,73.3,73.3,37.3,27,0,0,,0,0,12.8,3.4,170,1006,0,3.7,0,0,0,,Clear,clear-day,VABP
"Bhopal, Madhya Pradesh, India",2024-05-01T07:00:00,78.7,78.7,39.1,24.21,0,0,,0,0,11.2,8.1,180,1007,0,3.7,25.9,0.1,0,,Clear,clear-day,VABP
"Bhopal, Madhya Pradesh, India",2024-05-01T08:00:00,85.9,82.7,37.3,17.87,0,0,,0,0,13,6.9,230,1007,0,3.7,199.2,0.7,2,,Clear,clear-day,VABP
"Bhopal, Madhya Pradesh, India",2024-05-01T09:00:00,89.5,85.5,31.9,12.86,0,0,,0,0,15.7,13.9,260,1007,0,3.7,434.7,1.6,4,,Clear,clear-day,VABP
"Bhopal, Madhya Pradesh, India",2024-05-01T10:00:00,91.3,87,28.3,10.5,0,0,,0,0,17.9,13.9,250,1007,0,3.7,660.1,2.4,7,,Clear,clear-day,VABP
"Bhopal, Madhya Pradesh, India",2024-05-01T11:00:00,93.1,88.5,28.3,9.92,0,0,,0,0,21,11.4,270,1007,0,3.7,845.1,3,8,,Clear,clear-day,VABP
"Bhopal, Madhya Pradesh, India",2024-05-01T12:00:00,96.3,92.6,46.3,18.23,0,0,,0,0,21.9,9.8,303.7,1005,0,,971.5,3.5,10,,Clear,clear-day,remote
"Bhopal, Madhya Pradesh, India",2024-05-01T13:00:00,96.7,91.6,26.5,8.25,0,0,,0,0,22.1,15,250,1005,0,3.7,1025.9,3.7,10,,Clear,clear-day,VABP
"Bhopal, Madhya Pradesh, India",2024-05-01T14:00:00,98.5,93.1,24.7,7.25,0,0,,0,0,23.3,16.1,220,1005,0,3.7,1009.5,3.6,10,,Clear,clear-day,VABP
"Bhopal, Madhya Pradesh, India",2024-05-01T15:00:00,98.5,93.1,26.5,7.81,0,0,,0,0,24.2,6.9,240,1004,0,3.7,920.9,3.3,9,,Clear,clear-day,VABP
"Bhopal, Madhya Pradesh, India",2024-05-01T16:00:00,98.5,93.1,26.5,7.81,0,0,,0,0,24.2,15,270,1004,0,3.7,768.3,2.8,8,,Clear,clear-day,VABP
"Bhopal, Madhya Pradesh, India",2024-05-01T17:00:00,96.7,91.6,22.9,7.1,0,0,,0,0,23.7,13.9,300,1004,0,3.7,565.5,2,6,,Clear,clear-day,VABP
"Bhopal, Madhya Pradesh, India",2024-05-01T18:00:00,93.1,88.6,19.3,6.81,0,0,,0,0,22.6,11.4,300,1004,0,3.7,333.2,1.2,3,,Clear,clear-day,VABP
"Bhopal, Madhya Pradesh, India",2024-05-01T19:00:00,89.5,85.5,24.7,9.57,0,0,,0,0,18.1,6.9,290,1005,0,3.7,110.8,0.4,0,,Clear,clear-night,VABP
"Bhopal, Madhya Pradesh, India",2024-05-01T20:00:00,85.9,82.6,21.1,9.22,0,0,,0,0,11.4,5.8,290,1006,0,3.7,2.5,0,0,,Clear,clear-night,VABP
"Bhopal, Madhya Pradesh, India",2024-05-01T21:00:00,82.3,79.8,19.3,9.59,0,0,,0,0,9.6,5.8,300,1006,0,3.7,0,0,0,,Clear,clear-night,VABP
"Bhopal, Madhya Pradesh, India",2024-05-01T22:00:00,85.7,82.5,37.7,18.22,0,0,,0,0,8.7,5.1,327.5,1004,0,,0,0,0,,Clear,clear-night,remote
"Bhopal, Madhya Pradesh, India",2024-05-01T23:00:00,76.9,76.9,17.5,10.6,0,0,,0,0,8.5,1.1,320,1007,0,3.7,0,0,0,,Clear,clear-night,VABP
"Bhopal, Madhya Pradesh, India",2024-05-02T00:00:00,78.5,78.5,40.7,25.94,0,0,,0,0,8.5,5.6,294.6,1004,0,,0,0,0,,Clear,clear-night,remote
"Bhopal, Madhya Pradesh, India",2024-05-02T01:00:00,77.4,77.4,40.4,26.5,0,0,,0,0,10.7,6.7,285.4,1004,0,,0,0,0,,Clear,clear-night,remote
"Bhopal, Madhya Pradesh, India",2024-05-02T02:00:00,74.6,74.6,47.6,38.39,0,0,,0,0,13.9,11.4,320,1003.7,2.5,2.5,0,0,0,,Clear,clear-night,42667099999
"Bhopal, Madhya Pradesh, India",2024-05-02T03:00:00,76.6,76.6,42.7,29.89,0,0,,0,0,15.7,8.9,302.6,1004,0,,0,0,0,,Clear,clear-night,remote
"Bhopal, Madhya Pradesh, India",2024-05-02T04:00:00,72.4,72.4,39.3,30.07,0,0,,0,0,15.9,7.6,322.5,1004,0,,0,0,0,,Clear,clear-night,remote
"Bhopal, Madhya Pradesh, India",2024-05-02T05:00:00,69.8,69.8,32.8,25.42,0,0,,0,0,15.2,1.1,104,1006.2,0.2,3.2,0,0,0,,Clear,clear-night,"VABP,42667099999"
"Bhopal, Madhya Pradesh, India",2024-05-02T06:00:00,73.5,73.5,24.9,16.24,0,0,,0,0,14.1,4.7,340,1008,0,3.7,0,0,0,,Clear,clear-day,42667099999
"Bhopal, Madhya Pradesh, India",2024-05-02T07:00:00,78.8,78.8,21.2,11.65,0,0,,0,0,12.8,6.9,350,1008,0,3.7,27.7,0.1,0,,Clear,clear-day,"VABP,42667099999"
"Bhopal, Madhya Pradesh, India",2024-05-02T08:00:00,82.9,80.3,27.5,13.27,0,0,,0,0,13.4,6.8,20,1007.5,27.4,3.2,206.8,0.7,2,,Partially cloudy,partly-cloudy-day,"VABP,42672099999,42667099999,42763099999"
"Bhopal, Madhya Pradesh, India",2024-05-02T09:00:00,86,82.6,28.4,12.46,0,0,,0,0,16.6,5.8,50,1010,27.3,3.7,446.9,1.6,4,,Partially cloudy,partly-cloudy-day,"VABP,42667099999"
"Bhopal, Madhya Pradesh, India",2024-05-02T10:00:00,87.8,84.1,24.8,10.14,0,0,,0,0,17.7,8.1,60,1010,27.3,3.7,675.8,2.4,7,,Partially cloudy,partly-cloudy-day,"VABP,42667099999"
"Bhopal, Madhya Pradesh, India",2024-05-02T11:00:00,91.9,87.5,21.3,7.7,0,0,,0,0,17.9,4.7,50,1007.3,27.3,3.1,861.3,3.1,9,,Partially cloudy,partly-cloudy-day,"VABP,42667099999,42763099999"
"Bhopal, Madhya Pradesh, India",2024-05-02T12:00:00,93.2,88.6,23,7.94,0,0,,0,0,16.6,2.2,40,1009,27.3,3.7,987.6,3.6,10,,Partially cloudy,partly-cloudy-day,"VABP,42667099999"
"Bhopal, Madhya Pradesh, India",2024-05-02T13:00:00,93.5,89.2,40.4,15.87,0,0,,0,0,13.9,2.9,29.7,1006,10,,1043,3.8,10,,Clear,clear-day,remote
"Bhopal, Madhya Pradesh, India",2024-05-02T14:00:00,95.1,90.6,38.1,13.83,0,0,,0,0,12.3,4.7,140,1004.8,27.3,3.1,1025,3.7,10,,Partially cloudy,partly-cloudy-day,"VABP,42667099999,42763099999"
"Bhopal, Madhya Pradesh, India",2024-05-02T15:00:00,96.9,92.1,35.7,11.89,0,0,,0,0,11.9,8.1,100,1006,50,3.7,933.9,3.4,9,,Partially cloudy,partly-cloudy-day,"VABP,42667099999"
"Bhopal, Madhya Pradesh, India",2024-05-02T16:00:00,98.7,94.7,44.7,15.97,0,0,,0,0,12.3,8.1,240,1005,0,3.7,767.3,2.8,8,,Clear,clear-day,"VABP,42667099999"
"Bhopal, Madhya Pradesh, India",2024-05-02T17:00:00,98.9,95.2,46.8,17.18,0,0,,0,0,12.1,4.6,294,1003.6,10,3.2,571.2,2.1,6,,Clear,clear-day,"VABP,42672099999,42667099999,42763099999"
"Bhopal, Madhya Pradesh, India",2024-05-02T18:00:00,95.1,91.4,46.5,19.08,0,0,,0,0,11.4,3.4,300,1006,0,3.7,316.4,1.1,3,,Clear,clear-day,"VABP,42667099999"
"Bhopal, Madhya Pradesh, India",2024-05-02T19:00:00,87.9,84.5,42.9,20.83,0,0,,0,0,7.8,0,0,1007,0,3.7,103.8,0.4,0,,Clear,clear-night,"VABP,42667099999"
"Bhopal, Madhya Pradesh, India",2024-05-02T20:00:00,86.1,82.8,38.9,18.91,0,0,,0,0,6.9,3.4,45,1006.2,73.8,3.2,2.4,0,0,,Partially cloudy,partly-cloudy-night,"VABP,42667099999"
"Bhopal, Madhya Pradesh, India",2024-05-02T21:00:00,80.6,78.9,35.6,19.82,0,0,,0,0,6.3,4.7,180,1008,0,3.7,0,0,0,,Clear,clear-night,"VABP,42667099999"
"Bhopal, Madhya Pradesh, India",2024-05-02T22:00:00,80.6,79,37.4,21.28,0,0,,0,0,4.5,3.4,170,1008,0,3.7,0,0,0,,Clear,clear-night,"VABP,42667099999"
"Bhopal, Madhya Pradesh, India",2024-05-02T23:00:00,79.8,79.8,41.9,25.96,0,0,,0,0,3.6,2.2,290,1007.5,36.8,3.2,0,0,0,,Partially cloudy,partly-cloudy-night,"VABP,42667099999"
"Bhopal, Madhya Pradesh, India",2024-05-03T00:00:00,84.3,81.9,45.6,25.91,0,0,,0,0,3.4,0.7,324.7,1006,30.7,,0,0,0,,Partially cloudy,partly-cloudy-night,remote
"Bhopal, Madhya Pradesh, India",2024-05-03T01:00:00,80.9,79.7,45.8,29.14,0,0,,0,0,2.5,2,341.7,1006,31.3,,0,0,0,,Partially cloudy,partly-cloudy-night,remote
"Bhopal, Madhya Pradesh, India",2024-05-03T02:00:00,73.5,73.5,47,39.01,0,0,,0,0,4.5,4.7,290,1005.6,56.1,2.5,0,0,0,,Partially cloudy,partly-cloudy-night,42667099999
"Bhopal, Madhya Pradesh, India",2024-05-03T03:00:00,73.5,73.5,45.8,37.2,0,0,,0,0,5.8,4.3,21.9,1005,51.3,,0,0,0,,Partially cloudy,partly-cloudy-night,remote
"Bhopal, Madhya Pradesh, India",2024-05-03T04:00:00,74.7,74.7,45.2,34.94,0,0,,0,0,6.5,5.6,54.1,1005,39.9,,0,0,0,,Partially cloudy,partly-cloudy-night,remote
"Bhopal, Madhya Pradesh, India",2024-05-03T05:00:00,75.2,75.2,34.2,22.49,0,0,,0,0,6.9,2.2,20,1007.2,0,3.2,0,0,0,,Clear,clear-night,"VABP,42667099999"
"Bhopal, Madhya Pradesh, India",2024-05-03T06:00:00,71.6,71.6,33.8,24.89,0,0,,0,0,7.8,3.4,350,1009,0,3.7,0,0,0,,Clear,clear-day,"VABP,42667099999"
"Bhopal, Madhya Pradesh, India",2024-05-03T07:00:00,84.2,81.3,30.2,14.2,0,0,,0,0,7.6,2.2,50,1009,0,3.7,28.1,0.1,0,,Clear,clear-day,"VABP,42667099999"
"Bhopal, Madhya Pradesh, India",2024-05-03T08:00:00,88.3,84.5,30.6,12.69,0,0,,0,0,9.4,4.6,360,1008.5,0,3.2,204.4,0.7,2,,Clear,clear-day,"VABP,42672099999,42667099999,42763099999"
"Bhopal, Madhya Pradesh, India",2024-05-03T09:00:00,91.5,87.4,39.3,16.19,0,0,,0,0,9.2,3.4,360,1011,0,3.7,439.9,1.6,4,,Clear,clear-day,"VABP,42667099999"
"Bhopal, Madhya Pradesh, India",2024-05-03T10:00:00,95,90.1,24.8,8.1,0,0,,0,0,10.7,2.2,30,1011,0,3.7,664.4,2.4,7,,Clear,clear-day,"VABP,42667099999"
"Bhopal, Madhya Pradesh, India",2024-05-03T11:00:00,88.1,85.6,51.9,29.06,0,0,,0,0,12.3,5.8,70,1008.2,0,3.1,848.2,3.1,8,,Clear,clear-day,"VABP,42667099999,42763099999"
"Bhopal, Madhya Pradesh, India",2024-05-03T12:00:00,96.8,91.7,26.6,8.26,0,0,,0,0,12.3,9.2,100,1009,0,3.7,973.8,3.5,10,,Clear,clear-day,"VABP,42667099999"
"Bhopal, Madhya Pradesh, India",2024-05-03T13:00:00,98.6,93.3,28.4,8.42,0,0,,0,0,11.2,0,0,1009,0,3.7,1028.3,3.7,10,,Clear,clear-day,"VABP,42667099999"
"Bhopal, Madhya Pradesh, India",2024-05-03T14:00:00,98.7,93.3,25,7.28,0,0,,0,0,10.3,5.8,139,1005.1,0,3.1,1010.6,3.6,10,,Clear,clear-day,"VABP,42667099999,42763099999"
"Bhopal, Madhya Pradesh, India",2024-05-03T15:00:00,101.2,97,44.1,14.5,0,0,,0,0,9.8,1.6,338.5,1005,5.3,,920.6,3.3,9,,Clear,clear-day,remote
"Bhopal, Madhya Pradesh, India",2024-05-03T16:00:00,100.7,98.1,51.5,19.44,0,0,,0,0,9.8,2.5,328.6,1004,51,,765.7,2.8,8,,Partially cloudy,partly-cloudy-day,remote
"Bhopal, Madhya Pradesh, India",2024-05-03T17:00:00,100.4,94.6,21.8,6.05,0,0,,0,0,9.4,4.6,321,1004.5,55.4,3.2,561.5,2,6,,Partially cloudy,partly-cloudy-day,"VABP,42672099999,42667099999,42763099999"
"Bhopal, Madhya Pradesh, India",2024-05-03T18:00:00,98.6,93.1,19.4,5.78,0,0,,0,0,8.5,3.4,290,1007,0,3.7,329.7,1.2,3,,Clear,clear-day,"VABP,42667099999"
"Bhopal, Madhya Pradesh, India",2024-05-03T19:00:00,93.2,88.6,21.2,7.36,0,0,,0,0,5.8,2.2,120,1008,0,3.7,109.9,0.4,0,,Clear,clear-night,"VABP,42667099999"
"Bhopal, Madhya Pradesh, India",2024-05-03T20:00:00,89.8,86.1,42.8,19.48,0,0,,0,0,6.3,3.4,90,1007,41.2,3.2,2.8,0,0,,Partially cloudy,partly-cloudy-night,"VABP,42667099999"
"Bhopal, Madhya Pradesh, India",2024-05-03T21:00:00,87,84.6,51,29.09,0,0,,0,0,7.8,5.6,73.6,1006,8.5,,0,0,0,,Clear,clear-night,remote
"Bhopal, Madhya Pradesh, India",2024-05-03T22:00:00,84.8,82.9,51.2,31.37,0,0,,0,0,8.1,4.3,116.5,1007,8.8,,0,0,0,,Clear,clear-night,remote
"Bhopal, Madhya Pradesh, India",2024-05-03T23:00:00,82.4,80.2,39.2,21.54,0,0,,0,0,8.5,2.2,140,1008.6,85.3,3.2,0,0,0,,Partially cloudy,partly-cloudy-night,"VABP,42667099999"
"Bhopal, Madhya Pradesh, India",2024-05-04T00:00:00,80.1,79.9,52.4,38.24,0,0,,0,0,8.7,3.1,201.3,1007,81,,0,0,0,,Partially cloudy,partly-cloudy-night,remote
"Bhopal, Madhya Pradesh, India",2024-05-04T01:00:00,80.1,79.8,51.9,37.49,0,0,,0,0,5.1,2.7,260.5,1007,76.5,,0,0,0,,Partially cloudy,partly-cloudy-night,remote
"Bhopal, Madhya Pradesh, India",2024-05-04T02:00:00,77.6,77.6,41.3,27.28,0,0,,0,0,4.3,2.2,160,1006.2,30,2.5,0,0,0,,Partially cloudy,partly-cloudy-night,42667099999
"Bhopal, Madhya Pradesh, India",2024-05-04T03:00:00,81.2,80.2,49.4,32.97,0,0,,0,0,3.4,2.2,318.2,1006,74.8,,0,0,0,,Partially cloudy,partly-cloudy-night,remote
"Bhopal, Madhya Pradesh, India",2024-05-04T04:00:00,78.3,78.3,45.9,31.86,0,0,,0,0,3.6,2.9,327.3,1005,60,,0,0,0,,Partially cloudy,partly-cloudy-night,remote
"Bhopal, Madhya Pradesh, India",2024-05-04T05:00:00,75.2,75.2,39.1,27.15,0,0,,0,0,4.5,2.2,320,1007.9,40,3.2,0,0,0,,Partially cloudy,partly-cloudy-night,"VABP,42667099999"
"Bhopal, Madhya Pradesh, India",2024-05-04T06:00:00,73.4,73.4,41,31.08,0,0,,0,0,6.3,2.2,230,1010,50,3.7,0,0,0,,Partially cloudy,partly-cloudy-day,"VABP,42667099999"
"Bhopal, Madhya Pradesh, India",2024-05-04T07:00:00,82.4,80.2,39.2,21.54,0,0,,0,0,7.6,2.2,350,1010,50,3.7,28.6,0.1,0,,Partially cloudy,partly-cloudy-day,"VABP,42667099999"
"Bhopal, Madhya Pradesh, India",2024-05-04T08:00:00,88.7,85.6,48.2,24.88,0,0,,0,0,10.3,1.1,179,1009.3,45.3,3.2,195.3,0.7,2,,Partially cloudy,partly-cloudy-day,"VABP,42672099999,42667099999,42763099999"
"Bhopal, Madhya Pradesh, India",2024-05-04T09:00:00,84.8,83.3,53.7,34.42,0,0,,0,0,10.5,4,330.9,1009,75.5,,424.6,1.5,4,,Partially cloudy,partly-cloudy-day,remote
"Bhopal, Madhya Pradesh, India",2024-05-04T10:00:00,87.2,85.3,54.2,32.58,0,0,,0,0,10.7,3.8,343.8,1009,52.8,,645.1,2.3,6,,Partially cloudy,partly-cloudy-day,remote
"Bhopal, Madhya Pradesh, India",2024-05-04T11:00:00,100.4,94.9,30.3,8.63,0,0,,0,0,10.7,3.3,115,1007.9,45.2,3.1,791.5,2.8,8,,Partially cloudy,partly-cloudy-day,"VABP,42667099999,42763099999"
"Bhopal, Madhya Pradesh, India",2024-05-04T12:00:00,102.2,96.2,26.6,7.01,0,0,,0,0,9.6,6.9,140,1010,50,3.7,875.1,3.2,9,,Partially cloudy,partly-cloudy-day,"VABP,42667099999"
"Bhopal, Madhya Pradesh, India",2024-05-04T13:00:00,100.5,96.4,44.3,14.92,0,0,,0,0,11.6,3.4,327.9,1007,23,,981.4,3.5,10,,Partially cloudy,partly-cloudy-day,remote
"Bhopal, Madhya Pradesh, India",2024-05-04T14:00:00,94.7,89.9,25,8.23,0,0,,0,0,13.2,5.8,235,1005.9,45.4,3.1,982.4,3.5,10,,Partially cloudy,partly-cloudy-day,"VABP,42667099999,42763099999"
"Bhopal, Madhya Pradesh, India",2024-05-04T15:00:00,102.5,98.2,43.8,13.77,0,0,,0,0,14.1,4.9,321.8,1005,35.7,,900.3,3.2,9,,Partially cloudy,partly-cloudy-day,remote
"Bhopal, Madhya Pradesh, India",2024-05-04T16:00:00,104,97.6,24.8,6.17,0,0,,0,0,14.1,5.8,220,1006,50,3.7,749.9,2.7,7,,Partially cloudy,partly-cloudy-day,"VABP,42667099999"
"Bhopal, Madhya Pradesh, India",2024-05-04T17:00:00,104.2,97.7,23.5,5.8,0,0,,0,0,13.6,4.6,255,1003.5,32,3.2,553.5,2,6,,Partially cloudy,partly-cloudy-day,"VABP,42672099999,42667099999,42763099999"
"Bhopal, Madhya Pradesh, India",2024-05-04T18:00:00,103.2,100,48.8,16.3,0,0,,0,0,13.2,3.4,332.4,1003,67.7,,319.2,1.1,3,,Partially cloudy,partly-cloudy-day,remote
"Bhopal, Madhya Pradesh, India",2024-05-04T19:00:00,101.9,100.7,55.3,21.49,0,0,,0,0,8.9,2.9,3.5,1003,87.8,,104.6,0.4,0,,Partially cloudy,partly-cloudy-night,remote
"Bhopal, Madhya Pradesh, India",2024-05-04T20:00:00,91.5,87.8,44.8,20.05,0,0,,0,0,7.2,4.7,225,1006.1,45.4,3.2,2.9,0,0,,Partially cloudy,partly-cloudy-night,"VABP,42667099999"
"Bhopal, Madhya Pradesh, India",2024-05-04T21:00:00,94.6,91.2,48.5,20.9,0,0,,0,0,4.7,4,181.5,1005,56.7,,0,0,0,,Partially cloudy,partly-cloudy-night,remote
"Bhopal, Madhya Pradesh, India",2024-05-04T22:00:00,89.7,85.7,33.9,13.84,0,0,,0,0,3.1,3.4,290,1009,50,3.7,0,0,0,,Partially cloudy,partly-cloudy-night,"VABP,42667099999"
"Bhopal, Madhya Pradesh, India",2024-05-04T23:00:00,87.5,84.8,49.7,27.29,0,0,,0,0,5.1,2.2,275,1006.6,50,3.2,0,0,0,,Partially cloudy,partly-cloudy-night,"VABP,42667099999"
"Bhopal, Madhya Pradesh, India",2024-05-05T00:00:00,83.6,82,51.5,33.11,0,0,,0,0,7.8,5.4,255,1005,24,,0,0,0,,Partially cloudy,partly-cloudy-night,remote
"Bhopal, Madhya Pradesh, India",2024-05-05T01:00:00,85,82.8,49.9,29.77,0,0,,0,0,13.2,7.8,281.4,1005,54.7,,0,0,0,,Partially cloudy,partly-cloudy-night,remote
"Bhopal, Madhya Pradesh, India",2024-05-05T02:00:00,85.7,84.7,56.9,37.62,0,0,,0,0,17.9,6.9,270,1004.1,50,2.5,0,0,0,,Partially cloudy,partly-cloudy-night,42667099999
"Bhopal, Madhya Pradesh, India",2024-05-05T03:00:00,84.8,83.1,53,33.52,0,0,,0,0,19.9,11.2,294,1004,87.9,,0,0,0,,Partially cloudy,partly-cloudy-night,remote
"Bhopal, Madhya Pradesh, India",2024-05-05T04:00:00,82.3,81.8,55.8,40.39,0,0,,0,0,20.6,10.5,293.9,1003,36.7,,0,0,0,,Partially cloudy,partly-cloudy-night,remote
"Bhopal, Madhya Pradesh, India",2024-05-05T05:00:00,78.8,78.8,45.5,30.83,0,0,,0,0,20.4,8.1,250,1005.1,50,3.2,0,0,0,,Partially cloudy,partly-cloudy-night,"VABP,42667099999"
"Bhopal, Madhya Pradesh, India",2024-05-05T06:00:00,82.4,80.6,46.4,28.39,0,0,,0,0,19,8.1,240,1007,50,3.7,0,0,0,,Partially cloudy,partly-cloudy-day,"VABP,42667099999"
"Bhopal, Madhya Pradesh, India",2024-05-05T07:00:00,85,85.6,62,46.08,0,0,,0,0,17.2,10.1,306.6,1005,54.3,,26.7,0.1,0,,Partially cloudy,partly-cloudy-day,remote
"Bhopal, Madhya Pradesh, India",2024-05-05T08:00:00,89.6,87.9,56.1,32.28,0,0,,0,0,17.2,13.6,270,1006.4,30,3.2,192.4,0.7,2,,Partially cloudy,partly-cloudy-day,"VABP,42672099999,42667099999,42763099999"
"Bhopal, Madhya Pradesh, India",2024-05-05T09:00:00,88.2,87.9,60,38.75,0,0,,0,0,22.4,11.4,306.2,1006,18.8,,423.6,1.5,4,,Clear,clear-day,remote
"Bhopal, Madhya Pradesh, India",2024-05-05T10:00:00,88.1,87,57.8,36.07,0,0,,0,0,25.3,11.9,310.3,1006,8.6,,638.3,2.3,6,,Clear,clear-day,remote
"Bhopal, Madhya Pradesh, India",2024-05-05T11:00:00,97.6,95.2,52.8,22.32,0,0,,0,0,25.7,9.1,270,1005.7,49.9,3.1,820.1,3,8,,Partially cloudy,partly-cloudy-day,"VABP,42667099999,42763099999"
"Bhopal, Madhya Pradesh, India",2024-05-05T12:00:00,99.2,97.2,53.7,21.98,0,0,,0,0,24.8,10.1,304.7,1005,10,,945.4,3.4,9,,Clear,clear-day,remote
"Bhopal, Madhya Pradesh, India",2024-05-05T13:00:00,99.8,98,54.2,22.05,0,0,,0,0,22.1,9.6,295.4,1004,14.7,,991.8,3.6,10,,Clear,clear-day,remote
"Bhopal, Madhya Pradesh, India",2024-05-05T14:00:00,103.2,98.8,42.7,12.93,0,0,,0,0,22.4,9.1,244,1002.5,45.4,3.1,986.2,3.6,10,,Partially cloudy,partly-cloudy-day,"VABP,42667099999,42763099999"
"Bhopal, Madhya Pradesh, India",2024-05-05T15:00:00,102.2,97.3,39.2,11.63,0,0,,0,0,23.5,11.4,210,1005,50,3.7,864.9,3.1,9,,Partially cloudy,partly-cloudy-day,"VABP,42667099999"
"Bhopal, Madhya Pradesh, India",2024-05-05T16:00:00,93.2,88.8,37.4,14.25,0,0,,0,0,24.4,11.4,240,1004,50,3.7,630.6,2.3,6,,Partially cloudy,partly-cloudy-day,"VABP,42667099999"
"Bhopal, Madhya Pradesh, India",2024-05-05T17:00:00,98.6,93.6,34.2,10.64,0,0,,0,0,24.6,14.7,250,1001.9,74.3,3.2,314.9,1.1,3,,Partially cloudy,partly-cloudy-day,"VABP,42672099999,42667099999,42763099999"
"Bhopal, Madhya Pradesh, India",2024-05-05T18:00:00,100.1,98.6,54.9,22.39,0,0,,0,0,23.5,11.2,276.7,1001,93,,161,0.6,2,,Overcast,cloudy,remote
"Bhopal, Madhya Pradesh, India",2024-05-05T19:00:00,93.2,88.8,35.6,13.28,0,0,,0,0,19,8.1,260,1005,88.9,3.7,66.4,0.2,0,,Partially cloudy,partly-cloudy-night,"VABP,42667099999"
"Bhopal, Madhya Pradesh, India",2024-05-05T20:00:00,91.4,87.2,37.4,15.07,0,0,,0,0,18.1,4.7,185,1004.2,50,3.2,2.1,0,0,,Partially cloudy,partly-cloudy-night,"VABP,42667099999"
"Bhopal, Madhya Pradesh, India",2024-05-05T21:00:00,89.6,86.4,48.2,24.14,0,0,,0,0,19.5,10.3,220,1007,50,3.7,0,0,0,,Partially cloudy,partly-cloudy-night,"VABP,42667099999"
"Bhopal, Madhya Pradesh, India",2024-05-05T22:00:00,89.6,86.7,50,25.82,0,0,,0,0,20.1,8.1,230,1007,50,3.7,0,0,0,,Partially cloudy,partly-cloudy-night,"VABP,42667099999"
"Bhopal, Madhya Pradesh, India",2024-05-05T23:00:00,88.3,86.4,54.8,32.15,0,0,,0,0,19.9,9.2,225,1005.3,50,3.2,0,0,0,,Partially cloudy,partly-cloudy-night,"VABP,42667099999"
"Bhopal, Madhya Pradesh, India",2024-05-06T00:00:00,88.4,87.1,57.1,34.75,0,0,,0,0,19.5,11,268.7,1005,99.7,,0,0,0,,Overcast,cloudy,remote
"Bhopal, Madhya Pradesh, India",2024-05-06T01:00:00,87.5,86.5,57.8,36.69,0,0,,0,0,19.5,10.7,276.3,1004,99.8,,0,0,0,,Overcast,cloudy,remote
"Bhopal, Madhya Pradesh, India",2024-05-06T02:00:00,83.2,82.3,55.2,38.32,0,0,,0,0,19.2,8.1,225,1004.7,27.3,3.2,0,0,0,,Partially cloudy,partly-cloudy-night,"VABP,42667099999"
"Bhopal, Madhya Pradesh, India",2024-05-06T03:00:00,85.6,85.1,59.1,40.89,0,0,,0,0,18.8,10.5,285,1004,8.2,,0,0,0,,Clear,clear-night,remote
"Bhopal, Madhya Pradesh, India",2024-05-06T04:00:00,82.8,83,59.6,45.46,0,0,,0,0,18.6,9.6,286.8,1004,7.9,,0,0,0,,Clear,clear-night,remote
"Bhopal, Madhya Pradesh, India",2024-05-06T05:00:00,81.8,82,59.3,46.48,0,0,,0,0,17.9,6.9,230,1004.6,90,2.5,0,0,0,,Partially cloudy,partly-cloudy-night,42667099999
"Bhopal, Madhya Pradesh, India",2024-05-06T06:00:00,80.6,80.5,55.4,42,0,0,,0,0,17.2,9.2,250,1008,88.9,3.7,0,0,0,,Partially cloudy,partly-cloudy-day,"VABP,42667099999"
"Bhopal, Madhya Pradesh, India",2024-05-06T07:00:00,84.2,83.5,57.2,39.9,0,0,,0,0,15.2,10.3,260,1009,88.9,3.7,27,0.1,0,,Partially cloudy,partly-cloudy-day,"VABP,42667099999"
"Bhopal, Madhya Pradesh, India",2024-05-06T08:00:00,87.1,86.5,59.1,38.92,0,0,,0,0,15.4,11.2,255,1007.4,45.4,3.2,178.8,0.6,2,,Partially cloudy,partly-cloudy-day,"VABP,42672099999,42667099999,42763099999"
"Bhopal, Madhya Pradesh, India",2024-05-06T09:00:00,88.1,87.5,59.4,38.22,0,0,,0,0,20.1,11.2,301.3,1007,49,,393.4,1.4,4,,Partially cloudy,partly-cloudy-day,remote
"Bhopal, Madhya Pradesh, India",2024-05-06T10:00:00,95,92.3,51.8,23.33,0,0,,0,0,22.1,16.1,280,1009,27.3,3.7,634.9,2.3,6,,Partially cloudy,partly-cloudy-day,"VABP,42667099999"
"Bhopal, Madhya Pradesh, India",2024-05-06T11:00:00,96.9,93.7,49.7,20.39,0,0,,0,0,22.6,9.1,250,1006.8,40.6,3.1,810.8,2.9,8,,Partially cloudy,partly-cloudy-day,"VABP,42667099999,42763099999"
"Bhopal, Madhya Pradesh, India",2024-05-06T12:00:00,98.6,95.2,48.2,18.28,0,0,,0,0,21.9,4.7,270,1008,0,3.7,938.7,3.4,9,,Clear,clear-day,"VABP,42667099999"
"Bhopal, Madhya Pradesh, India",2024-05-06T13:00:00,100.4,97,48.2,17.31,0,0,,0,0,18.3,15,270,1007,27.3,3.7,958.8,3.5,10,,Partially cloudy,partly-cloudy-day,"VABP,42667099999"
"Bhopal, Madhya Pradesh, India",2024-05-06T14:00:00,100.6,97.3,48.3,17.25,0,0,,0,0,17.9,12.7,244,1004.6,40.5,3.1,964.5,3.5,10,,Partially cloudy,partly-cloudy-day,"VABP,42667099999,42763099999"
"Bhopal, Madhya Pradesh, India",2024-05-06T15:00:00,100.4,96.6,46.4,16.18,0,0,,0,0,18.8,10.3,230,1006,50,3.7,858.3,3.1,9,,Partially cloudy,partly-cloudy-day,"VABP,42667099999"
"Bhopal, Madhya Pradesh, India",2024-05-06T16:00:00,102.2,98.8,48.2,16.4,0,0,,0,0,18.8,8.1,230,1005,50,3.7,725,2.6,7,,Partially cloudy,partly-cloudy-day,"VABP,42667099999"
"Bhopal, Madhya Pradesh, India",2024-05-06T17:00:00,100.7,97,46.7,16.21,0,0,,0,0,18.8,9,250,1002.8,49.8,3.2,514,1.9,5,,Partially cloudy,partly-cloudy-day,"VABP,42672099999,42667099999,42763099999"
"Bhopal, Madhya Pradesh, India",2024-05-06T18:00:00,98.6,95.2,48.2,18.28,0,0,,0,0,21,9.2,240,1005,50,3.7,301,1.1,3,,Partially cloudy,partly-cloudy-day,"VABP,42667099999"
"Bhopal, Madhya Pradesh, India",2024-05-06T19:00:00,95,91.6,48.2,20.41,0,0,,0,0,19,4.7,250,1006,50,3.7,85.6,0.3,0,,Partially cloudy,partly-cloudy-night,"VABP,42667099999"
"Bhopal, Madhya Pradesh, India",2024-05-06T20:00:00,92.2,92,60.1,34.36,0,0,,0,0,7.8,3.4,140,1005,27.3,3.2,2.8,0,0,,Partially cloudy,partly-cloudy-night,"VABP,42667099999"
"Bhopal, Madhya Pradesh, India",2024-05-06T21:00:00,89.6,88.3,57.2,33.6,0,0,,0,0,6.7,3.4,160,1007,27.3,3.7,0,0,0,,Partially cloudy,partly-cloudy-night,"VABP,42667099999"
"Bhopal, Madhya Pradesh, India",2024-05-06T22:00:00,87.8,86.6,57.2,35.56,0,0,,0,0,8.1,3.4,170,1008,0,3.7,0,0,0,,Clear,clear-night,"VABP,42667099999"
"Bhopal, Madhya Pradesh, India",2024-05-06T23:00:00,87.1,86.9,60.4,40.76,0,0,,0,0,9.2,5.8,160,1006.2,0.2,3.2,0,0,0,,Clear,clear-night,"VABP,42667099999"
"Bhopal, Madhya Pradesh, India",2024-05-07T00:00:00,84.2,83.5,57.2,39.9,0,0,,0,0,10.1,4.7,200,1007,27.3,3.7,0,0,0,,Partially cloudy,partly-cloudy-night,"VABP,42667099999"
"Bhopal, Madhya Pradesh, India",2024-05-07T01:00:00,86,83.4,48.2,27.06,0,0,,0,0,13.4,8.1,230,1007,27.3,3.7,0,0,0,,Partially cloudy,partly-cloudy-night,"VABP,42667099999"
"Bhopal, Madhya Pradesh, India",2024-05-07T02:00:00,86.6,89.6,67.2,52.5,0,0,,0,0,14.1,5.8,230,1003.2,30,2.5,0,0,0,,Partially cloudy,partly-cloudy-night,42667099999
"Bhopal, Madhya Pradesh, India",2024-05-07T03:00:00,87.3,86.2,57.5,36.43,0,0,,0,0,13.9,7.6,299.4,1005,0,,0,0,0,,Clear,clear-night,remote
"Bhopal, Madhya Pradesh, India",2024-05-07T04:00:00,82.5,82.6,59.3,45.41,0,0,,0,0,12.8,7.4,298.5,1005,0,,0,0,0,,Clear,clear-night,remote
"Bhopal, Madhya Pradesh, India",2024-05-07T05:00:00,81.4,80.7,52.5,36.72,0,0,,0,0,11.9,4.7,290,1006.6,0,3.2,0,0,0,,Clear,clear-night,"VABP,42667099999"
"Bhopal, Madhya Pradesh, India",2024-05-07T06:00:00,80.6,79.9,50,34.45,0,0,,0,0,10.7,3.4,300,1008,0,3.7,0,0,0,,Clear,clear-day,"VABP,42667099999"
"Bhopal, Madhya Pradesh, India",2024-05-07T07:00:00,84.2,82.5,51.8,32.77,0,0,,0,0,10.3,4.7,300,1009,0,3.7,30.2,0.1,0,,Clear,clear-day,"VABP,42667099999"
"Bhopal, Madhya Pradesh, India",2024-05-07T08:00:00,89.4,88.3,57.7,34.44,0,0,,0,0,11.9,29.9,285,1007.3,0.7,3.2,201.6,0.7,2,,Clear,clear-day,"VABP,42672099999,42667099999,42763099999"
"Bhopal, Madhya Pradesh, India",2024-05-07T09:00:00,93.2,90.5,51.8,24.66,0,0,,0,0,13.6,4.7,290,1009,0,3.7,426.1,1.5,4,,Clear,clear-day,"VABP,42667099999"
"Bhopal, Madhya Pradesh, India",2024-05-07T10:00:00,98.6,96,51.8,20.9,0,0,,0,0,13.6,6.9,80,1009,0,3.7,642.5,2.3,6,,Clear,clear-day,"VABP,42667099999"
"Bhopal, Madhya Pradesh, India",2024-05-07T11:00:00,101.2,99.9,55.2,21.88,0,0,,0,0,13,4.7,51,1006.5,4.8,3.1,813.7,2.9,8,,Clear,clear-day,"VABP,42667099999,42763099999"
"Bhopal, Madhya Pradesh, India",2024-05-07T12:00:00,104,99.8,44.6,13.57,0,0,,0,0,10.7,4.7,110,1008,27.3,3.7,937.7,3.4,9,,Partially cloudy,partly-cloudy-day,"VABP,42667099999"
"Bhopal, Madhya Pradesh, India",2024-05-07T13:00:00,104,99.2,41,11.82,0,0,,0,0,13.9,4.7,180,1008,50,3.7,914.3,3.3,9,,Partially cloudy,partly-cloudy-day,"VABP,42667099999"
"Bhopal, Madhya Pradesh, India",2024-05-07T14:00:00,103.9,99.1,41.1,11.92,0,0,,0,0,13.4,6.9,119,1004.2,45.4,3.1,950.5,3.4,10,,Partially cloudy,partly-cloudy-day,"VABP,42667099999,42763099999"
"Bhopal, Madhya Pradesh, India",2024-05-07T15:00:00,104,100.2,46.4,14.53,0,0,,0,0,12.3,11.4,120,1006,50,3.7,808.4,2.9,8,,Partially cloudy,partly-cloudy-day,"VABP,42667099999"
"Bhopal, Madhya Pradesh, India",2024-05-07T16:00:00,102.2,98.8,48.2,16.4,0,0,,0,0,11.6,10.3,130,1005,50,3.7,672.8,2.4,7,,Partially cloudy,partly-cloudy-day,"VABP,42667099999"
"Bhopal, Madhya Pradesh, India",2024-05-07T17:00:00,101.5,98.7,50.2,18.04,0,0,,0,0,11.6,10.1,146,1002.8,45.2,3.2,500.7,1.8,5,,Partially cloudy,partly-cloudy-day,"VABP,42672099999,42667099999,42763099999"
"Bhopal, Madhya Pradesh, India",2024-05-07T18:00:00,98.6,95.2,48.2,18.28,0,0,,0,0,12.5,4.7,160,1006,50,3.7,314.9,1.1,3,,Partially cloudy,partly-cloudy-day,"VABP,42667099999"
"Bhopal, Madhya Pradesh, India",2024-05-07T19:00:00,95,91.6,48.2,20.41,0,0,,0,0,11.9,5.8,150,1007,27.3,3.7,88.6,0.3,0,,Partially cloudy,partly-cloudy-night,"VABP,42667099999"
"Bhopal, Madhya Pradesh, India",2024-05-07T20:00:00,93.2,90.3,51.2,24.17,0,0,,0,0,12.1,4.7,180,1005.3,45.4,3.2,3.2,0,0,,Partially cloudy,partly-cloudy-night,"VABP,42667099999"
"Bhopal, Madhya Pradesh, India",2024-05-07T21:00:00,91.4,88.1,48.2,22.82,0,0,,0,0,12.8,3.4,170,1008,50,3.7,0,0,0,,Partially cloudy,partly-cloudy-night,"VABP,42667099999"
"Bhopal, Madhya Pradesh, India",2024-05-07T22:00:00,89.5,86.6,49.9,25.81,0,0,,0,0,11.4,3.4,190,1008,50,3.7,0,0,0,,Partially cloudy,partly-cloudy-night,VABP
"Bhopal, Madhya Pradesh, India",2024-05-07T23:00:00,88.6,86.2,52.2,28.84,0,0,,0,0,10.1,3.4,200,1006.4,30,3.2,0,0,0,,Partially cloudy,partly-cloudy-night,"VABP,42667099999"
"Bhopal, Madhya Pradesh, India",2024-05-08T00:00:00,88.4,86.5,54.8,31.93,0,0,,0,0,8.5,4.7,199,1006,59.7,,0,0,0,,Partially cloudy,partly-cloudy-night,remote
"Bhopal, Madhya Pradesh, India",2024-05-08T01:00:00,87.9,86.1,55.1,32.9,0,0,,0,0,19.2,12.3,176.4,1007,61.6,,0,0,0,,Partially cloudy,partly-cloudy-night,remote
"Bhopal, Madhya Pradesh, India",2024-05-08T02:00:00,84.4,82.3,49,29.34,0,0,,0,0,27.3,4.7,230,1005.5,27.3,3.2,0,0,0,,Partially cloudy,partly-cloudy-night,"VABP,42667099999"
"Bhopal, Madhya Pradesh, India",2024-05-08T03:00:00,86.6,84.9,54.4,33.36,0,0,,0,0,26.8,13.2,197.4,1006,41.9,,0,0,0,,Partially cloudy,partly-cloudy-night,remote
"Bhopal, Madhya Pradesh, India",2024-05-08T04:00:00,81.9,85,68.3,63.33,0,0,,0,0,23.7,6.3,183.6,1007,10,,0,0,0,,Clear,clear-night,remote
"Bhopal, Madhya Pradesh, India",2024-05-08T05:00:00,81.7,83.4,64.7,56.43,0,0,,0,0,21.3,6.9,110,1006.8,27.3,3.2,0,0,0,,Partially cloudy,partly-cloudy-night,"VABP,42667099999"
"Bhopal, Madhya Pradesh, India",2024-05-08T06:00:00,84.6,88.1,68.3,58.05,0,0,,0,0,18.1,8.1,167.6,1007,0,,0,0,0,,Clear,clear-day,remote
"Bhopal, Madhya Pradesh, India",2024-05-08T07:00:00,82.4,83.4,62.6,51.24,0,0,,0,0,16.1,10.3,150,1010,27.3,3.7,27.6,0.1,0,,Partially cloudy,partly-cloudy-day,"VABP,42667099999"
"Bhopal, Madhya Pradesh, India",2024-05-08T08:00:00,85,86.7,64.8,50.88,0,0,,0,0,18.8,11.2,160,1008.5,27.5,3.2,190.8,0.7,2,,Partially cloudy,partly-cloudy-day,"VABP,42672099999,42667099999,42763099999"
"Bhopal, Madhya Pradesh, India",2024-05-08T09:00:00,89.6,89.5,60.8,38.21,0,0,,0,0,20.6,12.8,180,1010,0,3.7,399.2,1.4,4,,Clear,clear-day,"VABP,42667099999"
"Bhopal, Madhya Pradesh, India",2024-05-08T10:00:00,93.2,93.3,60.8,34.15,0,0,,0,0,21.7,10.3,170,1010,0,3.7,628.6,2.3,6,,Clear,clear-day,"VABP,42667099999"
"Bhopal, Madhya Pradesh, India",2024-05-08T11:00:00,97,99.8,64.7,34.76,0,0,,0,0,21.7,11.4,175,1007,10,3.1,793.2,2.9,8,,Clear,clear-day,"VABP,42667099999,42763099999"
"Bhopal, Madhya Pradesh, India",2024-05-08T12:00:00,98.6,98.5,59,27.14,0,0,,0,0,21.3,9.2,170,1008,0,3.7,932.8,3.4,9,,Clear,clear-day,"VABP,42667099999"
"Bhopal, Madhya Pradesh, India",2024-05-08T13:00:00,102.2,101,55.4,21.39,0,0,,0,0,18.1,9.2,180,1007,0,3.7,985.5,3.5,10,,Clear,clear-day,"VABP,42667099999"
"Bhopal, Madhya Pradesh, India",2024-05-08T14:00:00,100.3,96.9,48.1,17.3,0,0,,0,0,16.8,6.9,110,1006,50,3.7,968.1,3.5,10,,Partially cloudy,partly-cloudy-day,VABP
"Bhopal, Madhya Pradesh, India",2024-05-08T15:00:00,102.2,99.3,50,17.54,0,0,,0,0,14.3,6.9,110,1005,50,3.7,805.1,2.9,8,,Partially cloudy,partly-cloudy-day,"VABP,42667099999"
"Bhopal, Madhya Pradesh, India",2024-05-08T16:00:00,98.6,98.5,59,27.14,0,0,,0,0,11.2,5.8,140,1005,50,3.7,679.8,2.4,7,,Partially cloudy,partly-cloudy-day,"VABP,42667099999"
"Bhopal, Madhya Pradesh, India",2024-05-08T17:00:00,86.1,86.2,61.1,43.16,0,0,,0,0,9.8,16.9,110,1003.5,54.6,3.2,457.1,1.6,5,,Partially cloudy,partly-cloudy-day,"VABP,42672099999,42667099999,42763099999"
"Bhopal, Madhya Pradesh, India",2024-05-08T18:00:00,91.4,89.5,55.4,29.75,0,0,,0,0,8.9,6.9,150,1005,50,3.7,285.9,1,3,,Partially cloudy,partly-cloudy-day,"VABP,42667099999"
"Bhopal, Madhya Pradesh, India",2024-05-08T19:00:00,89.6,87.8,55.4,31.48,0,0,,0,0,8.7,13.9,210,1006,50,3.7,77.6,0.3,0,,Partially cloudy,partly-cloudy-night,"VABP,42667099999"
"Bhopal, Madhya Pradesh, India",2024-05-08T20:00:00,91.4,89.4,54.7,29.04,0,0,,0,0,11,6.9,360,1004.4,50,3.2,2.8,0,0,,Partially cloudy,partly-cloudy-night,"VABP,42667099999"
"Bhopal, Madhya Pradesh, India",2024-05-08T21:00:00,89.5,86.6,49.9,25.81,0,0,,0,0,13,2.2,210,1008,50,3.7,0,0,0,,Partially cloudy,partly-cloudy-night,VABP
"Bhopal, Madhya Pradesh, India",2024-05-08T22:00:00,86,84.2,53.6,33.05,0,0,,0,0,13.6,3.4,190,1007,50,3.7,0,0,0,,Partially cloudy,partly-cloudy-night,"VABP,42667099999"
"Bhopal, Madhya Pradesh, India",2024-05-08T23:00:00,86.5,85.7,58.3,38.54,0,0,,0,0,13,2.2,230,1005.7,50,3.2,0,0,0,,Partially cloudy,partly-cloudy-night,"VABP,42667099999"
"Bhopal, Madhya Pradesh, India",2024-05-09T00:00:00,89.1,88.7,59.8,37.42,0,0,,0,0,12.5,7.8,208,1005,21.2,,0,0,0,,Partially cloudy,partly-cloudy-night,remote
"Bhopal, Madhya Pradesh, India",2024-05-09T01:00:00,88.2,88.1,60.5,39.5,0,0,,0,0,14.1,7.6,213.9,1005,10,,0,0,0,,Clear,clear-night,remote
"Bhopal, Madhya Pradesh, India",2024-05-09T02:00:00,85.4,87.9,66.5,53.31,0,0,,0,0,13.2,6.9,230,1003.3,50,2.5,0,0,0,,Partially cloudy,partly-cloudy-night,42667099999
"Bhopal, Madhya Pradesh, India",2024-05-09T03:00:00,84.8,85.6,62.5,47.24,0,0,,0,0,11.6,5.8,227.4,1004,5.7,,0,0,0,,Clear,clear-night,remote
"Bhopal, Madhya Pradesh, India",2024-05-09T04:00:00,83.2,83.8,61.6,48.21,0,0,,0,0,9.8,2.7,257.2,1005,5.5,,0,0,0,,Clear,clear-night,remote
"Bhopal, Madhya Pradesh, India",2024-05-09T05:00:00,82.1,85.8,69.5,65.74,0,0,,0,0,6.7,2.2,110,1004.9,4.4,2.5,0,0,0,,Clear,clear-night,42667099999
"Bhopal, Madhya Pradesh, India",2024-05-09T06:00:00,80.6,81.5,60.8,50.99,0,0,,0,0,5.6,6.9,130,1008,0,3.7,0,0,0,,Clear,clear-day,"VABP,42667099999"
"Bhopal, Madhya Pradesh, India",2024-05-09T07:00:00,86,85.5,59,40.17,0,0,,0,0,6.5,6.9,140,1009,0,3.7,23.4,0.1,0,,Clear,clear-day,"VABP,42667099999"
"Bhopal, Madhya Pradesh, India",2024-05-09T08:00:00,90.8,91.7,62.9,39.63,0,0,,0,0,9.2,9,181,1006.9,3.1,3.2,157.9,0.6,2,,Clear,clear-day,"VABP,42672099999,42667099999,42763099999"
"Bhopal, Madhya Pradesh, India",2024-05-09T09:00:00,93.2,91.3,55.4,28.13,0,0,,0,0,14.3,13.9,190,1009,0,3.7,360.7,1.3,4,,Clear,clear-day,"VABP,42667099999"
"Bhopal, Madhya Pradesh, India",2024-05-09T10:00:00,95,93.8,57.2,28.4,0,0,,0,0,19,12.8,210,1008,0,3.7,545.4,2,5,,Clear,clear-day,"VABP,42667099999"
"Bhopal, Madhya Pradesh, India",2024-05-09T11:00:00,99.4,101.2,62.3,29.8,0,0,,0,0,20.8,13.8,180,1005.8,18,3.1,797.6,2.9,8,,Clear,clear-day,"VABP,42667099999,42763099999"
"Bhopal, Madhya Pradesh, India",2024-05-09T12:00:00,100.4,99.1,55.4,22.58,0,0,,0,0,21.3,12.8,200,1007,27.3,3.7,917.5,3.3,9,,Partially cloudy,partly-cloudy-day,"VABP,42667099999"
"Bhopal, Madhya Pradesh, India",2024-05-09T13:00:00,102.2,99.3,50,17.54,0,0,,0,0,14.8,6.9,190,1006,50,3.7,824.1,3,8,,Partially cloudy,partly-cloudy-day,"VABP,42667099999"
"Bhopal, Madhya Pradesh, India",2024-05-09T14:00:00,102,99.8,52.3,19.17,0,0,,0,0,15,11.4,200,1003.6,54.6,3.1,766.2,2.8,8,,Partially cloudy,partly-cloudy-day,"VABP,42667099999,42763099999"
"Bhopal, Madhya Pradesh, India",2024-05-09T15:00:00,102.2,99.3,50,17.54,0,0,,0,0,15,9.2,180,1005,50,3.7,772.5,2.8,8,,Partially cloudy,partly-cloudy-day,"VABP,42667099999"
"Bhopal, Madhya Pradesh, India",2024-05-09T16:00:00,98.6,94.8,46.4,17.08,0,0,,0,0,15.4,11.4,180,1004,50,3.7,661.3,2.4,7,,Partially cloudy,partly-cloudy-day,"VABP,42667099999"
"Bhopal, Madhya Pradesh, India",2024-05-09T17:00:00,94.2,94.3,60.6,32.86,0,0,,0,0,13.4,13.6,161,1002,45.5,3.2,490.9,1.8,5,,Partially cloudy,partly-cloudy-day,"VABP,42672099999,42667099999,42763099999"
"Bhopal, Madhya Pradesh, India",2024-05-09T18:00:00,91.4,89.1,53.6,27.87,0,0,,0,0,13.2,11.4,140,1005,50,3.7,218.2,0.8,2,,Partially cloudy,partly-cloudy-day,"VABP,42667099999"
"Bhopal, Madhya Pradesh, India",2024-05-09T19:00:00,89.6,87.4,53.6,29.48,0,0,,0,0,15.4,11.4,160,1005,50,3.7,95.1,0.3,0,,Partially cloudy,partly-cloudy-night,"VABP,42667099999"
"Bhopal, Madhya Pradesh, India",2024-05-09T20:00:00,87.4,86.1,56.9,35.61,0,0,,0,0,18.3,6.3,160,1004.5,12,3.2,3.4,0,0,,Clear,clear-night,"VABP,42667099999"
"Bhopal, Madhya Pradesh, India",2024-05-09T21:00:00,84.2,83.1,55.4,37.38,0,0,,0,0,19.7,6.9,180,1007,0,3.7,0,0,0,,Clear,clear-night,"VABP,42667099999"
"Bhopal, Madhya Pradesh, India",2024-05-09T22:00:00,85.6,88.9,67.9,55.7,0,0,,0,0,19,11.2,193.8,1005,0.7,,0,0,0,,Clear,clear-night,remote
"Bhopal, Madhya Pradesh, India",2024-05-09T23:00:00,84.4,86.1,64.6,51.54,0,0,,0,0,17.9,6.9,160,1007.3,45.4,3.2,0,0,0,,Partially cloudy,partly-cloudy-night,"VABP,42667099999"
"Bhopal, Madhya Pradesh, India",2024-05-10T00:00:00,85.2,88.6,68.1,56.7,0,0,,0,0,17.4,9.8,213.9,1006,0.3,,0,0,0,,Clear,clear-night,remote
"Bhopal, Madhya Pradesh, India",2024-05-10T01:00:00,85.4,88.5,67.6,55.33,0,0,,0,0,17.4,8.9,220.8,1005,0.8,,0,0,0,,Clear,clear-night,remote
"Bhopal, Madhya Pradesh, India",2024-05-10T02:00:00,81.7,82.5,61.6,50.69,0,0,,0,0,15.4,5.8,230,1006.3,45.4,3.2,0,0,0,,Partially cloudy,partly-cloudy-night,"VABP,42667099999"
"Bhopal, Madhya Pradesh, India",2024-05-10T03:00:00,83.4,85,64.5,53.03,0,0,,0,0,14.5,8.3,237.1,1005,0,,0,0,0,,Clear,clear-night,remote
"Bhopal, Madhya Pradesh, India",2024-05-10T04:00:00,80.9,81.8,61.2,51.35,0,0,,0,0,13.9,7.2,223.7,1006,36.7,,0,0,0,,Partially cloudy,partly-cloudy-night,remote
"Bhopal, Madhya Pradesh, India",2024-05-10T05:00:00,80.7,82.3,64.1,57.16,0,0,,0,0,13.2,4.7,160,1005.6,40,2.5,0,0,0,,Partially cloudy,partly-cloudy-night,42667099999
"Bhopal, Madhya Pradesh, India",2024-05-10T06:00:00,80.6,81.5,60.8,50.99,0,0,,0,0,13,5.8,170,1009,50,3.7,0,0,0,,Partially cloudy,partly-cloudy-day,"VABP,42667099999"
"Bhopal, Madhya Pradesh, India",2024-05-10T07:00:00,84.2,85,62.6,48.35,0,0,,0,0,11.6,8.1,180,1010,50,3.7,32.5,0.1,0,,Partially cloudy,partly-cloudy-day,"VABP,42667099999"
"Bhopal, Madhya Pradesh, India",2024-05-10T08:00:00,87.1,88.6,64.4,47,0,0,,0,0,13,10.7,200,1008.3,45.3,3.2,204.8,0.7,2,,Partially cloudy,partly-cloudy-day,"VABP,42672099999,42667099999,42763099999"
"Bhopal, Madhya Pradesh, India",2024-05-10T09:00:00,93.2,92.6,59,32.03,0,0,,0,0,17.9,12.8,210,1011,27.3,3.7,428.8,1.5,4,,Partially cloudy,partly-cloudy-day,"VABP,42667099999"
"Bhopal, Madhya Pradesh, India",2024-05-10T10:00:00,95,95.3,60.8,32.3,0,0,,0,0,20.1,12.8,170,1010,0,3.7,643.6,2.3,6,,Clear,clear-day,"VABP,42667099999"
"Bhopal, Madhya Pradesh, India",2024-05-10T11:00:00,98.6,100.7,63.2,31.5,0,0,,0,0,20.6,8,230,1007.8,18.1,3.1,820.9,3,8,,Clear,clear-day,"VABP,42667099999,42763099999"
"Bhopal, Madhya Pradesh, India",2024-05-10T12:00:00,100.4,99.8,57.2,24.09,0,0,,0,0,20.4,8.1,180,1009,27.3,3.7,943.5,3.4,9,,Partially cloudy,partly-cloudy-day,"VABP,42667099999"
"Bhopal, Madhya Pradesh, India",2024-05-10T13:00:00,99.2,101.5,63.2,30.93,0,0,,0,0,15.9,5.1,250.6,1007,33.4,,1008.6,3.6,10,,Partially cloudy,partly-cloudy-day,remote
"Bhopal, Madhya Pradesh, India",2024-05-10T14:00:00,103.1,102.6,56.9,21.96,0,0,,0,0,14.8,9.1,175,1004.7,50,3.1,885.3,3.2,9,,Partially cloudy,partly-cloudy-day,"VABP,42667099999,42763099999"
"Bhopal, Madhya Pradesh, India",2024-05-10T15:00:00,95,92.7,53.6,24.92,0,0,,0,0,12.3,19.7,220,1006,50,3.7,777.2,2.8,8,,Partially cloudy,partly-cloudy-day,"VABP,42667099999"
"Bhopal, Madhya Pradesh, India",2024-05-10T16:00:00,101.4,102.7,60.9,26.69,0,0,,0,0,11.9,4.7,346.8,1004,41.5,,700.9,2.5,7,,Partially cloudy,partly-cloudy-day,remote
"Bhopal, Madhya Pradesh, India",2024-05-10T17:00:00,94.1,95.1,62.3,35,0,0,,0,0,11.9,8.9,181,1001.8,49.8,2.6,489.4,1.8,5,,Partially cloudy,partly-cloudy-day,"42672099999,42667099999,42763099999"
"Bhopal, Madhya Pradesh, India",2024-05-10T18:00:00,100.7,101.4,60,26.41,0,0,,0,0,11.6,2.9,302.2,1003,45,,310.5,1.1,3,,Partially cloudy,partly-cloudy-day,remote
"Bhopal, Madhya Pradesh, India",2024-05-10T19:00:00,87.8,87.1,59,37.94,0,0,,0,0,9.8,10.3,240.8,1008,50,3.7,109.8,0.4,0,,Partially cloudy,partly-cloudy-night,"VABP,42667099999"
"Bhopal, Madhya Pradesh, India",2024-05-10T20:00:00,86.8,85.9,58,37.79,0,0,,0,0,9.4,16.1,205,1007.5,50,3.2,4,0,0,,Partially cloudy,partly-cloudy-night,"VABP,42667099999"
"Bhopal, Madhya Pradesh, India",2024-05-10T21:00:00,84.2,83.1,55.4,37.38,0,0,,0,0,9.4,3.4,210,1010,50,3.7,0,0,0,,Partially cloudy,partly-cloudy-night,"VABP,42667099999"
"Bhopal, Madhya Pradesh, India",2024-05-10T22:00:00,86,85,57.2,37.66,0,0,,0,0,10.5,4.7,60,1011,50,2.5,0,0,0,,Partially cloudy,partly-cloudy-night,"VABP,42667099999"
"Bhopal, Madhya Pradesh, India",2024-05-10T23:00:00,84.7,84.1,58,40.45,0,0,,0,0,11.4,10.3,250,1008.4,50,2.8,0,0,0,,Partially cloudy,partly-cloudy-night,"VABP,42667099999"
"Bhopal, Madhya Pradesh, India",2024-05-11T00:00:00,85.9,85.5,59.3,40.68,0,0,,0,0,11.2,6.9,284.9,1008,20.3,,0,0,0,,Partially cloudy,partly-cloudy-night,remote
"Bhopal, Madhya Pradesh, India",2024-05-11T01:00:00,85.6,85.1,59.1,40.89,0,0,,0,0,12.1,6.9,289.7,1008,29.5,,0,0,0,,Partially cloudy,partly-cloudy-night,remote
"Bhopal, Madhya Pradesh, India",2024-05-11T02:00:00,82.7,83.6,62.3,50.32,0,0,,0,0,11.6,9.2,230,1007,50,2.5,0,0,0,,Partially cloudy,partly-cloudy-night,42667099999
"Bhopal, Madhya Pradesh, India",2024-05-11T03:00:00,84.1,84.1,59.8,43.93,0,0,,0,0,12.5,6.3,300.3,1007,23.7,,0,0,0,,Partially cloudy,partly-cloudy-night,remote
"Bhopal, Madhya Pradesh, India",2024-05-11T04:00:00,81.9,84,65.7,58.05,0,0,,0,0,13,6.5,307.3,1008,29.4,,0,0,0,,Partially cloudy,partly-cloudy-night,remote
"Bhopal, Madhya Pradesh, India",2024-05-11T05:00:00,79,79,63.5,59.04,0,0,,0,0,12.5,2.2,160,1009.7,54.6,3.2,0,0,0,,Partially cloudy,partly-cloudy-night,"VABP,42667099999"
"Bhopal, Madhya Pradesh, India",2024-05-11T06:00:00,78.8,78.8,57.2,47.55,0,0,,0,0,11,3.4,260,1012,50,3.7,0,0,0,,Partially cloudy,partly-cloudy-day,"VABP,42667099999"
"Bhopal, Madhya Pradesh, India",2024-05-11T07:00:00,84.2,83.5,57.2,39.9,0,0,,0,0,11.2,4.7,240,1012,50,3.7,31.1,0.1,0,,Partially cloudy,partly-cloudy-day,"VABP,42667099999"
"Bhopal, Madhya Pradesh, India",2024-05-11T08:00:00,86.7,86.8,61.3,42.7,0,0,,0,0,12.5,5.7,219,1011,50.7,3.2,187.5,0.7,2,,Partially cloudy,partly-cloudy-day,"VABP,42672099999,42667099999,42763099999"
"Bhopal, Madhya Pradesh, India",2024-05-11T09:00:00,89.6,88.3,57.2,33.6,0,0,,0,0,15.7,13.9,270,1013,50,3.7,414.1,1.5,4,,Partially cloudy,partly-cloudy-day,"VABP,42667099999"
"Bhopal, Madhya Pradesh, India",2024-05-11T10:00:00,89.6,88.3,57.2,33.6,0,0,,0,0,17.9,9.2,290,1013,88.9,3.7,636.7,2.3,6,,Partially cloudy,partly-cloudy-day,"VABP,42667099999"
"Bhopal, Madhya Pradesh, India",2024-05-11T11:00:00,92.4,91.6,58.7,32.53,0,0,,0,0,19,9.1,295,1011,88.7,3.1,812.4,2.9,8,,Partially cloudy,partly-cloudy-day,"VABP,42667099999,42763099999"
"Bhopal, Madhya Pradesh, India",2024-05-11T12:00:00,95,92.3,51.8,23.33,0,0,,0,0,19.2,13.9,330,1012,50,3.7,932.5,3.4,9,,Partially cloudy,partly-cloudy-day,"VABP,42667099999"
"Bhopal, Madhya Pradesh, India",2024-05-11T13:00:00,96.8,94.6,53.6,23.58,0,0,,0,0,15.4,6.9,280,1012,11,3.7,889.9,3.2,9,,Clear,clear-day,"VABP,42667099999"
"Bhopal, Madhya Pradesh, India",2024-05-11T14:00:00,98.4,96.4,53.9,22.7,0,0,,0,0,15.9,9.1,70,1008.8,40.6,3.1,942.1,3.4,9,,Partially cloudy,partly-cloudy-day,"VABP,42667099999,42763099999"
"Bhopal, Madhya Pradesh, India",2024-05-11T15:00:00,98.6,96,51.8,20.9,0,0,,0,0,15.9,3.4,50,1010,45.8,3.7,856.6,3.1,9,,Partially cloudy,partly-cloudy-day,"VABP,42667099999"
"Bhopal, Madhya Pradesh, India",2024-05-11T16:00:00,98.6,96,51.8,20.9,0,0,,0,0,16.1,3.4,50,1009,40.1,3.7,555.9,2,6,,Partially cloudy,partly-cloudy-day,"VABP,42667099999"
"Bhopal, Madhya Pradesh, India",2024-05-11T17:00:00,100.3,99.1,55.8,23.02,0,0,,0,0,17.2,4.6,20,1006,46.5,3.2,373.7,1.3,4,,Partially cloudy,partly-cloudy-day,"VABP,42672099999,42667099999,42763099999"
"Bhopal, Madhya Pradesh, India",2024-05-11T18:00:00,99.4,102.2,63.9,31.55,0.004,100,rain,0,0,17.2,7.2,326.6,1005,4.6,,245.7,0.9,2,,Rain,rain,remote
"Bhopal, Madhya Pradesh, India",2024-05-11T19:00:00,91.4,90.7,59,33.87,0,0,,0,0,8.7,3.4,100,1009,6.5,3.7,89.2,0.3,0,,Clear,clear-night,"VABP,42667099999"
"Bhopal, Madhya Pradesh, India",2024-05-11T20:00:00,92.2,90.4,55.6,29.26,0,0,,0,0,8.7,2.2,90,1008.1,5.3,3.2,3.5,0,0,,Clear,clear-night,"VABP,42667099999"
"Bhopal, Madhya Pradesh, India",2024-05-11T21:00:00,89.6,88.9,59,35.84,0,0,,0,0,7.8,4.7,120,1010,5.8,3.7,0,0,0,,Clear,clear-night,"VABP,42667099999"
"Bhopal, Madhya Pradesh, India",2024-05-11T22:00:00,90.8,91.8,63.1,39.88,0,0,,0,0,6,6.7,43.7,1008,3.8,,0,0,0,,Clear,clear-night,remote
"Bhopal, Madhya Pradesh, India",2024-05-11T23:00:00,86.5,87.2,62.7,45.05,0,0,,0,0,4.7,3.4,135,1009.2,2.2,2.6,0,0,0,,Clear,clear-night,"VABP,42667099999"
"Bhopal, Madhya Pradesh, India",2024-05-12T00:00:00,88.4,89.4,63.2,43.2,0,0,,0,0,4.9,8.1,92.7,1009,3.3,,0,0,0,,Clear,clear-night,remote
"Bhopal, Madhya Pradesh, India",2024-05-12T01:00:00,85.4,86.8,64.3,49.45,0,0,,0,0,13.9,6.9,101.6,1009,9.7,,0,0,0,,Clear,clear-night,remote
"Bhopal, Madhya Pradesh, India",2024-05-12T02:00:00,83.6,85.6,65.6,54.74,0,0,,0,0,11.4,3.4,360,1006.8,0,2.5,0,0,0,,Clear,clear-night,42667099999
"Bhopal, Madhya Pradesh, India",2024-05-12T03:00:00,82.3,83.8,64.1,54.23,0,0,,0,0,8.5,4,102,1008,48.8,,0,0,0,,Partially cloudy,partly-cloudy-night,remote
"Bhopal, Madhya Pradesh, India",2024-05-12T04:00:00,80.9,82.6,64.7,57.91,0,0,,0,0,6.7,2.9,27.1,1008,48.9,,0,0,0,,Partially cloudy,partly-cloudy-night,remote
"Bhopal, Madhya Pradesh, India",2024-05-12T05:00:00,83,82.5,56.9,41.03,0,0,,0,0,6.7,9.2,230,1007.3,60,2.5,0,0,0,,Partially cloudy,partly-cloudy-night,42667099999
"Bhopal, Madhya Pradesh, India",2024-05-12T06:00:00,84.5,86,64.5,51.22,0,0,,0,0,7.2,3.1,352.4,1009,20.5,,0,0,0,,Partially cloudy,partly-cloudy-day,remote
"Bhopal, Madhya Pradesh, India",2024-05-12T07:00:00,85.6,86.7,63.6,47.94,0,0,,0,0,6.9,5.4,0.2,1010,20,,31.1,0.1,0,,Clear,clear-day,remote
"Bhopal, Madhya Pradesh, India",2024-05-12T08:00:00,87.8,87.1,58.8,37.64,0,0,,0,0,9.6,14.7,340,1011.1,45.7,3.2,197.9,0.7,2,,Partially cloudy,partly-cloudy-day,"VABP,42672099999,42667099999,42763099999"
"Bhopal, Madhya Pradesh, India",2024-05-12T09:00:00,91.4,89.1,53.6,27.87,0,0,,0,0,11.4,13.9,350,1013,50,3.7,346.9,1.2,3,,Partially cloudy,partly-cloudy-day,"VABP,42667099999"
"Bhopal, Madhya Pradesh, India",2024-05-12T10:00:00,93.2,91.3,55.4,28.13,0,0,,0,0,15.4,11.4,360,1013,27.3,3.7,632.2,2.3,6,,Partially cloudy,partly-cloudy-day,"VABP,42667099999"
"Bhopal, Madhya Pradesh, India",2024-05-12T11:00:00,97.3,96.7,58.2,27.39,0,0,,0,0,15.9,6.9,20,1010.6,27.2,3.1,795.2,2.9,8,,Partially cloudy,partly-cloudy-day,"VABP,42667099999,42763099999"
"Bhopal, Madhya Pradesh, India",2024-05-12T12:00:00,98.6,97.1,55.4,23.84,0,0,,0,0,15.2,4.7,40,1012,27.3,3.7,934.7,3.4,9,,Partially cloudy,partly-cloudy-day,"VABP,42667099999"
"Bhopal, Madhya Pradesh, India",2024-05-12T13:00:00,100.4,99.1,55.4,22.58,0,0,,0,0,14.5,9.2,130,1011,50,3.7,918.3,3.3,9,,Partially cloudy,partly-cloudy-day,"VABP,42667099999"
"Bhopal, Madhya Pradesh, India",2024-05-12T14:00:00,102.9,103,58.1,23.1,0,0,,0,0,13.6,4.7,110,1007.6,54.6,3.1,845.7,3,8,,Partially cloudy,partly-cloudy-day,"VABP,42667099999,42763099999"
"Bhopal, Madhya Pradesh, India",2024-05-12T15:00:00,102.2,99.8,51.8,18.75,0,0,,0,0,12.3,3.4,110,1008,50,3.7,750.5,2.7,8,,Partially cloudy,partly-cloudy-day,"VABP,42667099999"
"Bhopal, Madhya Pradesh, India",2024-05-12T16:00:00,100.4,97,48.2,17.31,0,0,,0,0,12.1,9.2,100,1007,50,3.7,654.6,2.4,7,,Partially cloudy,partly-cloudy-day,"VABP,42667099999"
"Bhopal, Madhya Pradesh, India",2024-05-12T17:00:00,101.1,97.4,46.7,16.04,0,0,,0,0,13.4,5.1,357,1004.8,54.5,3.2,418.2,1.5,4,,Partially cloudy,partly-cloudy-day,"VABP,42672099999,42667099999,42763099999"
"Bhopal, Madhya Pradesh, India",2024-05-12T18:00:00,99.4,103.1,65.2,32.97,0.004,100,rain,0,0,12.8,4.3,330,1005,78.8,,256.6,0.9,3,,"Rain, Partially cloudy",rain,remote
"Bhopal, Madhya Pradesh, India",2024-05-12T19:00:00,93.2,90.9,53.6,26.35,0,0,,0,0,9.2,4.7,180,1009,50,3.7,78,0.3,0,,Partially cloudy,partly-cloudy-night,"VABP,42667099999"
"Bhopal, Madhya Pradesh, India",2024-05-12T20:00:00,92.6,90.4,54.1,27.37,0,0,,0,0,6,3.4,230,1007.8,54.6,3.2,2.7,0,0,,Partially cloudy,partly-cloudy-night,"VABP,42667099999"
"Bhopal, Madhya Pradesh, India",2024-05-12T21:00:00,89.6,88.3,57.2,33.6,0,0,,0,0,6.7,12.8,100,1010,50,3.7,0,0,0,,Partially cloudy,partly-cloudy-night,"VABP,42667099999"
"Bhopal, Madhya Pradesh, India",2024-05-12T22:00:00,75.2,75.2,60.8,60.93,0,0,,0,0,6,12.8,40,1011,50,3.7,0,0,0,,Partially cloudy,partly-cloudy-night,"VABP,42667099999"
"Bhopal, Madhya Pradesh, India",2024-05-12T23:00:00,82.1,84.2,66,58.4,0,0,,0,0,4.5,11.4,110,1008,54.6,3.2,0,0,0,,Partially cloudy,partly-cloudy-night,"VABP,42667099999"
"Bhopal, Madhya Pradesh, India",2024-05-13T00:00:00,84.8,86.2,63.9,49.68,0,0,,0,0,4.3,4.9,208.3,1008,41.7,,0,0,0,,Partially cloudy,partly-cloudy-night,remote
"Bhopal, Madhya Pradesh, India",2024-05-13T01:00:00,84.3,85.6,63.8,50.24,0,0,,0,0,9.2,5.4,214.9,1008,29.1,,0,0,0,,Partially cloudy,partly-cloudy-night,remote
"Bhopal, Madhya Pradesh, India",2024-05-13T02:00:00,80,80,64.7,59.64,0,0,,0,0,9.4,9.2,130,1006.8,60,2.5,0,0,0,,Partially cloudy,partly-cloudy-night,42667099999
"Bhopal, Madhya Pradesh, India",2024-05-13T03:00:00,82.8,84.3,63.9,52.95,0,0,,0,0,9.6,5.6,237.6,1008,12,,0,0,0,,Clear,clear-night,remote
"Bhopal, Madhya Pradesh, India",2024-05-13T04:00:00,79.4,79.4,64.3,59.94,0,0,,0,0,9.8,2.9,223.9,1012,91.6,,0,0,0,,Overcast,cloudy,remote
"Bhopal, Madhya Pradesh, India",2024-05-13T05:00:00,73.6,73.6,67.8,82.05,0.118,100,rain,0,0,10.1,13.9,130,1009.7,54.6,3.2,0,0,0,,"Rain, Partially cloudy",rain,"VABP,42667099999"
"Bhopal, Madhya Pradesh, India",2024-05-13T06:00:00,75.2,75.2,73.4,94.15,0,0,,0,0,9.8,5.8,150,1012,50,3.7,0,0,0,,Partially cloudy,partly-cloudy-day,"VABP,42667099999"
"Bhopal, Madhya Pradesh, India",2024-05-13T07:00:00,75.2,75.2,75.2,100,0,0,,0,0,9.6,5.8,170,1013,50,3.7,32.5,0.1,0,,Partially cloudy,partly-cloudy-day,"VABP,42667099999"
"Bhopal, Madhya Pradesh, India",2024-05-13T08:00:00,77.6,77.6,71.8,82.36,0,0,,0,0,12.1,8.4,180,1011.7,84.6,3.2,192.4,0.7,2,,Partially cloudy,partly-cloudy-day,"VABP,42672099999,42667099999,42763099999"
"Bhopal, Madhya Pradesh, India",2024-05-13T09:00:00,82.4,88.2,73.4,74.3,0,0,,0,0,15,8.1,190,1013,88.9,3.7,416.5,1.5,4,,Partially cloudy,partly-cloudy-day,"VABP,42667099999"
"Bhopal, Madhya Pradesh, India",2024-05-13T10:00:00,86,90.6,69.8,58.58,0,0,,0,0,17.4,9.2,160,1013,50,3.7,634.8,2.3,6,,Partially cloudy,partly-cloudy-day,"VABP,42667099999"
"Bhopal, Madhya Pradesh, India",2024-05-13T11:00:00,91.9,92.4,61.9,36.93,0,0,,0,0,18.1,9.6,151,1011.1,50,3.1,815.6,2.9,8,,Partially cloudy,partly-cloudy-day,"VABP,42667099999,42763099999"
"Bhopal, Madhya Pradesh, India",2024-05-13T12:00:00,93.2,93.3,60.8,34.15,0,0,,0,0,17.9,6.9,200,1012,50,3.7,938.9,3.4,9,,Partially cloudy,partly-cloudy-day,"VABP,42667099999"
"Bhopal, Madhya Pradesh, India",2024-05-13T13:00:00,96.8,96.5,59,28.67,0,0,,0,0,14.1,4.7,150,1011,50,3.7,980.3,3.5,10,,Partially cloudy,partly-cloudy-day,"VABP,42667099999"
"Bhopal, Madhya Pradesh, India",2024-05-13T14:00:00,99.1,98.7,58.1,25.86,0,0,,0,0,12.8,3.3,230,1007.9,49.9,3.1,885,3.2,9,,Partially cloudy,partly-cloudy-day,"VABP,42667099999,42763099999"
"Bhopal, Madhya Pradesh, India",2024-05-13T15:00:00,100.7,100.7,58.6,25.09,0,0,,0,0,10.3,1.8,243.2,1008,47.4,,770.5,2.8,8,,Partially cloudy,partly-cloudy-day,remote
"Bhopal, Madhya Pradesh, India",2024-05-13T16:00:00,98.6,95.6,50,19.55,0,0,,0,0,8.7,5.8,100,1008,50,3.7,650.1,2.3,7,,Partially cloudy,partly-cloudy-day,"VABP,42667099999"
"Bhopal, Madhya Pradesh, India",2024-05-13T17:00:00,98.9,96.8,53.3,21.89,0,0,,0,0,8.7,3.3,111,1005.7,45.4,3.2,360.3,1.3,4,,Partially cloudy,partly-cloudy-day,"VABP,42672099999,42667099999,42763099999"
"Bhopal, Madhya Pradesh, India",2024-05-13T18:00:00,95,92.7,53.6,24.92,0,0,,0,0,6.7,4.7,180,1008,27.3,3.7,215.1,0.8,2,,Partially cloudy,partly-cloudy-day,"VABP,42667099999"
"Bhopal, Madhya Pradesh, India",2024-05-13T19:00:00,91.4,90.1,57.2,31.76,0,0,,0,0,8.1,3.4,180,1009,27.3,3.7,88.5,0.3,0,,Partially cloudy,partly-cloudy-night,"VABP,42667099999"
"Bhopal, Madhya Pradesh, India",2024-05-13T20:00:00,88.3,88.1,60.5,39.4,0,0,,0,0,9.4,4.7,180,1007.7,27.3,3.2,3.5,0,0,,Partially cloudy,partly-cloudy-night,"VABP,42667099999"
"Bhopal, Madhya Pradesh, India",2024-05-13T21:00:00,86,85.5,59,40.17,0,0,,0,0,9.6,5.8,190,1010,27.3,3.7,0,0,0,,Partially cloudy,partly-cloudy-night,"VABP,42667099999"
"Bhopal, Madhya Pradesh, India",2024-05-13T22:00:00,86,85,57.2,37.66,0,0,,0,0,8.7,9.2,220,1011,27.3,3.7,0,0,0,,Partially cloudy,partly-cloudy-night,"VABP,42667099999"
"Bhopal, Madhya Pradesh, India",2024-05-13T23:00:00,86.1,84.6,55.1,34.82,0,0,,0,0,8.1,11.4,230,1009.3,27.3,3.2,0,0,0,,Partially cloudy,partly-cloudy-night,"VABP,42667099999"
"Bhopal, Madhya Pradesh, India",2024-05-14T00:00:00,86.4,86.8,61.8,43.73,0,0,,0,0,9.2,7.8,285,1009,40.1,,0,0,0,,Partially cloudy,partly-cloudy-night,remote
"Bhopal, Madhya Pradesh, India",2024-05-14T01:00:00,85,85.1,60.7,44.07,0,0,,0,0,14.5,7.6,290.5,1008,23.3,,0,0,0,,Partially cloudy,partly-cloudy-night,remote
"Bhopal, Madhya Pradesh, India",2024-05-14T02:00:00,80.7,80.3,53,38.33,0,0,,0,0,13.2,11.4,230,1007.2,30,2.5,0,0,0,,Partially cloudy,partly-cloudy-night,42667099999
"Bhopal, Madhya Pradesh, India",2024-05-14T03:00:00,82.3,82.8,60.7,48.08,0,0,,0,0,11.6,6.5,283.9,1008,42.2,,0,0,0,,Partially cloudy,partly-cloudy-night,remote
"Bhopal, Madhya Pradesh, India",2024-05-14T04:00:00,80.1,81.4,62.5,54.96,0,0,,0,0,11.4,6.9,292.4,1008,63.6,,0,0,0,,Partially cloudy,partly-cloudy-night,remote
"Bhopal, Madhya Pradesh, India",2024-05-14T05:00:00,75.9,75.9,54,46.61,0,0,,0,0,10.7,8.1,230,1009.8,45.4,3.2,0,0,0,,Partially cloudy,partly-cloudy-night,"VABP,42667099999"
"Bhopal, Madhya Pradesh, India",2024-05-14T06:00:00,80.6,80.1,51.8,36.82,0,0,,0,0,9.6,10.3,250,1012,50,3.7,0,0,0,,Partially cloudy,partly-cloudy-day,"VABP,42667099999"
"Bhopal, Madhya Pradesh, India",2024-05-14T07:00:00,82.4,81.5,53.6,37.1,0,0,,0,0,8.9,10.3,270,1012,50,3.7,34.7,0.1,0,,Partially cloudy,partly-cloudy-day,"VABP,42667099999"
"Bhopal, Madhya Pradesh, India",2024-05-14T08:00:00,84.9,83.2,52.9,33.35,0,0,,0,0,9.6,11.2,284,1011.3,59.1,3.2,207.4,0.7,2,,Partially cloudy,partly-cloudy-day,"VABP,42672099999,42667099999,42763099999"
"Bhopal, Madhya Pradesh, India",2024-05-14T09:00:00,89.6,87.4,53.6,29.48,0,0,,0,0,10.1,12.8,300,1013,0,3.7,428.6,1.5,4,,Clear,clear-day,"VABP,42667099999"
"Bhopal, Madhya Pradesh, India",2024-05-14T10:00:00,85,85.7,62.3,46.67,0,0,,0,0,10.1,8.1,313.3,1011,30.4,,640.6,2.3,6,,Partially cloudy,partly-cloudy-day,remote
"Bhopal, Madhya Pradesh, India",2024-05-14T11:00:00,98.6,95.6,50.2,19.67,0,0,,0,0,10.7,9.1,319,1010,60,3.1,814.9,2.9,8,,Partially cloudy,partly-cloudy-day,"VABP,42667099999,42763099999"
"Bhopal, Madhya Pradesh, India",2024-05-14T12:00:00,100.4,97,48.2,17.31,0,0,,0,0,12.3,5.8,330,1012,50,3.7,934.7,3.4,9,,Partially cloudy,partly-cloudy-day,"VABP,42667099999"
"Bhopal, Madhya Pradesh, India",2024-05-14T13:00:00,100.4,97,48.2,17.31,0,0,,0,0,15.9,4.7,20,1011,50,3.7,914.3,3.3,9,,Partially cloudy,partly-cloudy-day,"VABP,42667099999"
"Bhopal, Madhya Pradesh, India",2024-05-14T14:00:00,99.7,97,51.2,19.77,0,0,,0,0,15.9,9.1,135,1007.5,63.6,3.1,933.9,3.4,9,,Partially cloudy,partly-cloudy-day,"VABP,42667099999,42763099999"
"Bhopal, Madhya Pradesh, India",2024-05-14T15:00:00,98.6,95.2,48.2,18.28,0,0,,0,0,15,8.1,90,1008,50,3.7,814.5,2.9,8,,Partially cloudy,partly-cloudy-day,"VABP,42667099999"
"Bhopal, Madhya Pradesh, India",2024-05-14T16:00:00,100.4,97,48.2,17.31,0,0,,0,0,13.6,5.8,260,1008,50,3.7,485.9,1.7,5,,Partially cloudy,partly-cloudy-day,"VABP,42667099999"
"Bhopal, Madhya Pradesh, India",2024-05-14T17:00:00,97.4,94.9,52.5,22.26,0,0,,0,0,19.7,3.3,51,1005.6,54.5,3.2,307.4,1.1,3,,Partially cloudy,partly-cloudy-day,"VABP,42672099999,42667099999,42763099999"
"Bhopal, Madhya Pradesh, India",2024-05-14T18:00:00,93.8,94.5,61.8,34.68,0,0,,0,0,23,12.3,6.6,1007,59.7,,249.3,0.9,2,,Partially cloudy,partly-cloudy-day,remote
"Bhopal, Madhya Pradesh, India",2024-05-14T19:00:00,87.8,86.1,55.4,33.32,0,0,,0,0,20.8,9.2,20,1012,88.9,3.1,83.3,0.3,0,,Partially cloudy,partly-cloudy-night,"VABP,42667099999"
"Bhopal, Madhya Pradesh, India",2024-05-14T20:00:00,80.8,82,62.2,53.1,0,0,,0,0,17.7,12.8,360,1012.7,88.9,3.2,3.8,0,0,,Partially cloudy,partly-cloudy-night,"VABP,42667099999"
"Bhopal, Madhya Pradesh, India",2024-05-14T21:00:00,73.4,73.4,68,83.22,0,0,,0,0,12.5,8.1,20,1014,88.9,3.1,0,0,0,,Partially cloudy,partly-cloudy-night,"VABP,42667099999"
"Bhopal, Madhya Pradesh, India",2024-05-14T22:00:00,80.1,81.4,62.3,54.62,0,0,,0,0,6.9,3.8,120.4,1010,52.6,,0,0,0,,Partially cloudy,partly-cloudy-night,remote
"Bhopal, Madhya Pradesh, India",2024-05-14T23:00:00,76.7,76.7,67.7,73.78,0.079,100,rain,0,0,5.8,6.9,90,1011.7,90,2.5,0,0,0,,"Rain, Partially cloudy",rain,42667099999
"Bhopal, Madhya Pradesh, India",2024-05-15T00:00:00,79.8,79.8,63.4,57.4,0,0,,0,0,3.8,3.1,255.7,1010,42.4,,0,0,0,,Partially cloudy,partly-cloudy-night,remote
"Bhopal, Madhya Pradesh, India",2024-05-15T01:00:00,78.5,78.5,64.5,62.13,0,0,,0,0,5.8,3.8,252.5,1009,27.9,,0,0,0,,Partially cloudy,partly-cloudy-night,remote
"Bhopal, Madhya Pradesh, India",2024-05-15T02:00:00,74.9,74.9,69.5,83.32,0,0,,0,0,5.8,6.9,90,1010.6,90,2.5,0,0,0,,Partially cloudy,partly-cloudy-night,42667099999
"Bhopal, Madhya Pradesh, India",2024-05-15T03:00:00,77.1,77.1,64.5,65.16,0,0,,0,0,6.5,4.9,246,1009,18.5,,0,0,0,,Clear,clear-night,remote
"Bhopal, Madhya Pradesh, India",2024-05-15T04:00:00,74.9,74.9,65.7,73.15,0,0,,0,0,6.7,3.8,239.1,1010,82.2,,0,0,0,,Partially cloudy,partly-cloudy-night,remote
"Bhopal, Madhya Pradesh, India",2024-05-15T05:00:00,73.6,73.6,66.2,77.55,0,0,,0,0,6,4.7,200,1010.1,45.4,3.2,0,0,0,,Partially cloudy,partly-cloudy-night,"VABP,42667099999"
"Bhopal, Madhya Pradesh, India",2024-05-15T06:00:00,78.8,78.8,73.4,83.56,0,0,,0,0,4.7,3.4,220,1012,50,3.7,0,0,0,,Partially cloudy,partly-cloudy-day,"VABP,42667099999"
"Bhopal, Madhya Pradesh, India",2024-05-15T07:00:00,78.8,78.8,69.8,73.97,0,0,,0,0,3.1,3.4,190,1013,50,3.7,29,0.1,0,,Partially cloudy,partly-cloudy-day,"VABP,42667099999"
"Bhopal, Madhya Pradesh, India",2024-05-15T08:00:00,80.3,82.8,67.3,64.49,0,0,,0,0,4,2.2,61,1012.7,30.6,3.2,179.7,0.6,2,,Partially cloudy,partly-cloudy-day,"VABP,42672099999,42667099999,42763099999"
"Bhopal, Madhya Pradesh, India",2024-05-15T09:00:00,82.5,84.7,66.1,57.76,0,0,,0,0,5.1,2.7,315.1,1012,66.6,,347.5,1.3,3,,Partially cloudy,partly-cloudy-day,remote
"Bhopal, Madhya Pradesh, India",2024-05-15T10:00:00,89.6,89.5,60.8,38.21,0,0,,0,0,6.9,3.4,140,1014,50,3.7,535.1,1.9,5,,Partially cloudy,partly-cloudy-day,"VABP,42667099999"
"Bhopal, Madhya Pradesh, India",2024-05-15T11:00:00,93.2,94.8,63.6,37.69,0,0,,0,0,8.9,5.8,200,1009.7,60,2.5,665.8,2.4,7,,Partially cloudy,partly-cloudy-day,"42667099999,42763099999"
"Bhopal, Madhya Pradesh, India",2024-05-15T12:00:00,91.4,89.5,55.4,29.75,0,0,,0,0,11.9,5.8,180,1013,50,3.7,894.4,3.2,9,,Partially cloudy,partly-cloudy-day,"VABP,42667099999"
"Bhopal, Madhya Pradesh, India",2024-05-15T13:00:00,96.8,95.1,55.4,25.18,0,0,,0,0,14.1,5.8,170,1012,50,3.7,845.8,3,8,,Partially cloudy,partly-cloudy-day,"VABP,42667099999"
"Bhopal, Madhya Pradesh, India",2024-05-15T14:00:00,98.6,95.6,50.1,19.6,0,0,,0,0,13.9,6.9,110,1008.9,27.5,3.1,798.9,2.9,8,,Partially cloudy,partly-cloudy-day,"VABP,42667099999,42763099999"
"Bhopal, Madhya Pradesh, India",2024-05-15T15:00:00,98.6,96,51.8,20.9,0,0,,0,0,14.1,3.4,80,1010,27.3,3.7,766.2,2.8,8,,Partially cloudy,partly-cloudy-day,"VABP,42667099999"
"Bhopal, Madhya Pradesh, India",2024-05-15T16:00:00,98.6,95.6,50,19.55,0,0,,0,0,14.1,5.8,90,1010,27.3,3.7,558.1,2,6,,Partially cloudy,partly-cloudy-day,"VABP,42667099999"
"Bhopal, Madhya Pradesh, India",2024-05-15T17:00:00,98.2,95.4,51.3,20.79,0,0,,0,0,13.6,7.9,96,1007,27.5,3.2,416.4,1.5,4,,Partially cloudy,partly-cloudy-day,"VABP,42672099999,42667099999,42763099999"
"Bhopal, Madhya Pradesh, India",2024-05-15T18:00:00,95,91.9,50,21.82,0,0,,0,0,13.2,3.4,100,1010,27.3,3.7,224.2,0.8,2,,Partially cloudy,partly-cloudy-day,"VABP,42667099999"
"Bhopal, Madhya Pradesh, India",2024-05-15T19:00:00,89.6,90.3,62.6,40.72,0,0,,0,0,10.1,5.8,100,1011,27.3,3.7,55.3,0.2,0,,Partially cloudy,partly-cloudy-night,"VABP,42667099999"
"Bhopal, Madhya Pradesh, India",2024-05-15T20:00:00,88.6,90,63.9,44,0,0,,0,0,7.4,8.1,110,1009.5,18,3.2,4.3,0,0,,Clear,clear-night,"VABP,42667099999"
"Bhopal, Madhya Pradesh, India",2024-05-15T21:00:00,90.6,93.3,66.1,44.63,0,0,,0,0,7.8,4.5,119.3,1009,46,,0,0,0,,Partially cloudy,partly-cloudy-night,remote
"Bhopal, Madhya Pradesh, India",2024-05-15T22:00:00,84.2,85,62.6,48.35,0,0,,0,0,7.8,6.9,90,1012,27.3,3.7,0,0,0,,Partially cloudy,partly-cloudy-night,"VABP,42667099999"
"Bhopal, Madhya Pradesh, India",2024-05-15T23:00:00,84.2,85.4,63.5,49.94,0,0,,0,0,7.6,4.7,110,1010.6,18,3.2,0,0,0,,Clear,clear-night,"VABP,42667099999"
"Bhopal, Madhya Pradesh, India",2024-05-16T00:00:00,85.2,88.2,67.4,55.31,0,0,,0,0,6.9,4.3,145.5,1010,22.2,,0,0,0,,Partially cloudy,partly-cloudy-night,remote
"Bhopal, Madhya Pradesh, India",2024-05-16T01:00:00,84.1,87.1,67.6,57.62,0,0,,0,0,7.6,4.3,154.1,1010,27.6,,0,0,0,,Partially cloudy,partly-cloudy-night,remote
"Bhopal, Madhya Pradesh, India",2024-05-16T02:00:00,82.5,83.4,62.3,50.61,0,0,,0,0,7.4,3.4,140,1008.7,10,2.5,0,0,0,,Clear,clear-night,42667099999
"Bhopal, Madhya Pradesh, India",2024-05-16T03:00:00,81.9,85.2,68.8,64.52,0,0,,0,0,7.2,4.7,157.3,1009,11.5,,0,0,0,,Clear,clear-night,remote
"Bhopal, Madhya Pradesh, India",2024-05-16T04:00:00,80.1,82.1,65.4,60.79,0,0,,0,0,7.4,4.7,138.7,1009,7.6,,0,0,0,,Clear,clear-night,remote
"Bhopal, Madhya Pradesh, India",2024-05-16T05:00:00,77.3,77.3,64.1,63.96,0,0,,0,0,6.5,2.2,250,1010.1,1.5,2.5,0,0,0,,Clear,clear-night,42667099999
"Bhopal, Madhya Pradesh, India",2024-05-16T06:00:00,78.8,78.8,62.6,57.63,0,0,,0,0,4.7,2.2,70,1013,0,3.7,0,0,0,,Clear,clear-day,"VABP,42667099999"
"Bhopal, Madhya Pradesh, India",2024-05-16T07:00:00,86,85.5,59,40.17,0,0,,0,0,4.3,3.4,120,1013,0,3.7,36.2,0.1,0,,Clear,clear-day,"VABP,42667099999"
"Bhopal, Madhya Pradesh, India",2024-05-16T08:00:00,89.8,90.3,62,39.53,0,0,,0,0,5.6,6.3,110,1012,1.2,3.2,204.2,0.7,2,,Clear,clear-day,"VABP,42672099999,42667099999,42763099999"
"Bhopal, Madhya Pradesh, India",2024-05-16T09:00:00,93.2,92.6,59,32.03,0,0,,0,0,7.2,6.9,100,1014,0,3.7,389.5,1.4,4,,Clear,clear-day,"VABP,42667099999"
"Bhopal, Madhya Pradesh, India",2024-05-16T10:00:00,95,93.8,57.2,28.4,0,0,,0,0,8.9,6.9,120,1014,0,3.7,620.5,2.2,6,,Clear,clear-day,"VABP,42667099999"
"Bhopal, Madhya Pradesh, India",2024-05-16T11:00:00,99.1,98.2,57,24.87,0,0,,0,0,9.2,5.2,124,1010.5,0,3.1,789.7,2.8,8,,Clear,clear-day,"VABP,42667099999,42763099999"
"Bhopal, Madhya Pradesh, India",2024-05-16T12:00:00,100.4,97.4,50,18.51,0,0,,0,0,12.8,6.9,100,1012,27.3,3.7,930.7,3.4,9,,Partially cloudy,partly-cloudy-day,"VABP,42667099999"
"Bhopal, Madhya Pradesh, India",2024-05-16T13:00:00,100.4,97.9,51.8,19.79,0,0,,0,0,17.2,2.2,130,1011,50,3.7,924,3.3,9,,Partially cloudy,partly-cloudy-day,"VABP,42667099999"
"Bhopal, Madhya Pradesh, India",2024-05-16T14:00:00,104,100,45.5,14.05,0,0,,0,0,17.7,9.1,341,1006.9,45.3,3.1,901.1,3.2,9,,Partially cloudy,partly-cloudy-day,"VABP,42667099999,42763099999"
"Bhopal, Madhya Pradesh, India",2024-05-16T15:00:00,104,99.8,44.6,13.57,0,0,,0,0,17.9,9.2,60,1008,27.3,3.7,824.8,3,8,,Partially cloudy,partly-cloudy-day,"VABP,42667099999"
"Bhopal, Madhya Pradesh, India",2024-05-16T16:00:00,102.2,97.8,42.8,13.36,0,0,,0,0,19.2,2.2,30,1007,27.3,3.7,618.1,2.2,6,,Partially cloudy,partly-cloudy-day,"VABP,42667099999"
"Bhopal, Madhya Pradesh, India",2024-05-16T17:00:00,102.4,98.2,44,13.89,0,0,,0,0,20.1,4.6,21,1004.6,27.6,3.1,458.2,1.6,5,,Partially cloudy,partly-cloudy-day,"VABP,42672099999,42667099999,42763099999"
"Bhopal, Madhya Pradesh, India",2024-05-16T18:00:00,100.4,96,42.8,14.11,0,0,,0,0,17.7,3.4,30,1007,27.3,3.7,277.6,1,3,,Partially cloudy,partly-cloudy-day,"VABP,42667099999"
"Bhopal, Madhya Pradesh, India",2024-05-16T19:00:00,95,93.8,57.2,28.4,0,0,,0,0,13.6,8.1,120,1008,27.3,3.7,111.7,0.4,0,,Partially cloudy,partly-cloudy-night,"VABP,42667099999"
"Bhopal, Madhya Pradesh, India",2024-05-16T20:00:00,93.3,92.6,58.7,31.66,0,0,,0,0,10.3,5.8,145,1007,27.3,3.2,5.1,0,0,,Partially cloudy,partly-cloudy-night,"VABP,42667099999"
"Bhopal, Madhya Pradesh, India",2024-05-16T21:00:00,89.6,89.5,60.8,38.21,0,0,,0,0,11.6,4.7,120,1010,27.3,3.7,0,0,0,,Partially cloudy,partly-cloudy-night,"VABP,42667099999"
"Bhopal, Madhya Pradesh, India",2024-05-16T22:00:00,89.6,88.9,59,35.84,0,0,,0,0,11.4,6.9,110,1010,27.3,3.7,0,0,0,,Partially cloudy,partly-cloudy-night,"VABP,42667099999"
"Bhopal, Madhya Pradesh, India",2024-05-16T23:00:00,88.5,89.6,63.4,43.46,0,0,,0,0,9.4,6.9,110,1008.2,27.3,3.2,0,0,0,,Partially cloudy,partly-cloudy-night,"VABP,42667099999"
"Bhopal, Madhya Pradesh, India",2024-05-17T00:00:00,85.7,88.1,66.1,52.04,0,0,,0,0,7.8,4.5,182.4,1008,96.8,,0,0,0,,Overcast,cloudy,remote
"Bhopal, Madhya Pradesh, India",2024-05-17T01:00:00,84.5,86.9,66.5,54.87,0,0,,0,0,8.5,4.9,201.7,1007,97.7,,0,0,0,,Overcast,cloudy,remote
"Bhopal, Madhya Pradesh, India",2024-05-17T02:00:00,86.1,85.6,59.3,40.45,0,0,,0,0,8.7,6.9,140,1005.6,30,2.5,0,0,0,,Partially cloudy,partly-cloudy-night,42667099999
"Bhopal, Madhya Pradesh, India",2024-05-17T03:00:00,83.2,85.8,67,58.22,0,0,,0,0,9.6,6.3,196.2,1006,100,,0,0,0,,Overcast,cloudy,remote
"Bhopal, Madhya Pradesh, India",2024-05-17T04:00:00,84.6,86.1,64.3,50.6,0,0,,0,0,10.3,3.6,197.3,1007,100,,0,0,0,,Overcast,cloudy,remote
"Bhopal, Madhya Pradesh, India",2024-05-17T05:00:00,84.3,84.4,60.5,44.81,0,0,,0,0,10.7,6.9,140,1006.9,30,2.5,0,0,0,,Partially cloudy,partly-cloudy-night,42667099999
"Bhopal, Madhya Pradesh, India",2024-05-17T06:00:00,84.2,85,62.6,48.35,0,0,,0,0,12.3,9.2,150,1010,27.3,3.1,0,0,0,,Partially cloudy,partly-cloudy-day,"VABP,42667099999"
"Bhopal, Madhya Pradesh, India",2024-05-17T07:00:00,86,87.5,64.4,48.62,0,0,,0,0,14.3,8.1,160,1011,27.3,3.1,22.3,0.1,0,,Partially cloudy,partly-cloudy-day,"VABP,42667099999"
"Bhopal, Madhya Pradesh, India",2024-05-17T08:00:00,87.9,90.3,65.9,48.32,0,0,,0,0,15.9,8.4,175,1009.3,46,3.2,126.9,0.5,1,,Partially cloudy,partly-cloudy-day,"VABP,42672099999,42667099999,42763099999"
"Bhopal, Madhya Pradesh, India",2024-05-17T09:00:00,89.6,92.3,66.2,46.18,0,0,,0,0,19.2,10.3,160,1011,50,3.7,296.9,1.1,3,,Partially cloudy,partly-cloudy-day,"VABP,42667099999"
"Bhopal, Madhya Pradesh, India",2024-05-17T10:00:00,91.4,93.2,64.4,40.99,0,0,,0,0,19.9,10.3,170,1011,50,3.7,530.2,1.9,5,,Partially cloudy,partly-cloudy-day,"VABP,42667099999"
"Bhopal, Madhya Pradesh, India",2024-05-17T11:00:00,95.5,97.7,64.1,35.79,0,0,,0,0,19.5,8,160,1008,68.5,3.1,727.4,2.6,7,,Partially cloudy,partly-cloudy-day,"VABP,42667099999,42763099999"
"Bhopal, Madhya Pradesh, India",2024-05-17T12:00:00,96.8,97.3,60.8,30.57,0,0,,0,0,17.7,6.9,160,1009,88.9,3.7,815.4,2.9,8,,Partially cloudy,partly-cloudy-day,"VABP,42667099999"
"Bhopal, Madhya Pradesh, India",2024-05-17T13:00:00,98.6,98.5,59,27.14,0,0,,0,0,17.9,6.9,160,1009,50,3.7,766.8,2.8,8,,Partially cloudy,partly-cloudy-day,"VABP,42667099999"
"Bhopal, Madhya Pradesh, India",2024-05-17T14:00:00,101.2,101.7,59.3,25.4,0,0,,0,0,17,6.9,160,1005.5,63.8,3.1,660.7,2.4,7,,Partially cloudy,partly-cloudy-day,"VABP,42667099999,42763099999"
"Bhopal, Madhya Pradesh, India",2024-05-17T15:00:00,100.4,98.4,53.6,21.14,0,0,,0,0,14.5,6.9,140,1007,50,3.7,504.2,1.8,5,,Partially cloudy,partly-cloudy-day,"VABP,42667099999"
"Bhopal, Madhya Pradesh, India",2024-05-17T16:00:00,100.4,97.9,51.8,19.79,0,0,,0,0,11.2,8.1,100,1006,88.9,3.7,453.5,1.6,5,,Partially cloudy,partly-cloudy-day,"VABP,42667099999"
"Bhopal, Madhya Pradesh, India",2024-05-17T17:00:00,100.1,98.4,54.1,21.73,0,0,,0,0,11.6,6.8,110,1003.7,83.3,3.2,291.9,1.1,3,,Partially cloudy,partly-cloudy-day,"VABP,42672099999,42667099999,42763099999"
"Bhopal, Madhya Pradesh, India",2024-05-17T18:00:00,96.8,93.4,48.2,19.31,0,0,,0,0,15,5.8,80,1007,88.9,3.7,217,0.8,2,,Partially cloudy,partly-cloudy-day,"VABP,42667099999"
"Bhopal, Madhya Pradesh, India",2024-05-17T19:00:00,95,94.5,59,30.3,0,0,,0,0,13,5.8,90,1008,88.9,3.7,100.8,0.4,0,,Partially cloudy,partly-cloudy-night,"VABP,42667099999"
"Bhopal, Madhya Pradesh, India",2024-05-17T20:00:00,91.5,90,56.6,31.01,0,0,,0,0,8.7,5.8,105,1006.3,84.3,3.2,5.5,0,0,,Partially cloudy,partly-cloudy-night,"VABP,42667099999"
"Bhopal, Madhya Pradesh, India",2024-05-17T21:00:00,89.6,88.9,59,35.84,0,0,,0,0,8.7,8.1,110,1008,50,3.7,0,0,0,,Partially cloudy,partly-cloudy-night,"VABP,42667099999"
"Bhopal, Madhya Pradesh, India",2024-05-17T22:00:00,87.8,87.8,60.8,40.45,0,0,,0,0,9.6,6.9,120,1009,50,3.7,0,0,0,,Partially cloudy,partly-cloudy-night,"VABP,42667099999"
"Bhopal, Madhya Pradesh, India",2024-05-17T23:00:00,89.4,88.1,57.3,33.88,0,0,,0,0,11.2,9.2,110,1007.1,84.3,3.2,0,0,0,,Partially cloudy,partly-cloudy-night,"VABP,42667099999"
"Bhopal, Madhya Pradesh, India",2024-05-18T00:00:00,87,88.9,65.2,48.46,0,0,,0,0,12.8,7.4,210.4,1006,6.7,,0,0,0,,Clear,clear-night,remote
"Bhopal, Madhya Pradesh, India",2024-05-18T01:00:00,87.2,89.6,66.1,49.71,0,0,,0,0,13.9,8.3,203.4,1006,11.7,,0,0,0,,Clear,clear-night,remote
"Bhopal, Madhya Pradesh, India",2024-05-18T02:00:00,87.5,88.3,62.9,43.89,0,0,,0,0,14.8,8.1,110,1004.1,80,2.5,0,0,0,,Partially cloudy,partly-cloudy-night,42667099999
"Bhopal, Madhya Pradesh, India",2024-05-18T03:00:00,84.5,87.8,68.1,58.02,0,0,,0,0,14.8,8.1,215.5,1006,0,,0,0,0,,Clear,clear-night,remote
"Bhopal, Madhya Pradesh, India",2024-05-18T04:00:00,82.7,85.9,68.4,62.25,0,0,,0,0,13.6,9.4,217.4,1006,0,,0,0,0,,Clear,clear-night,remote
"Bhopal, Madhya Pradesh, India",2024-05-18T05:00:00,83.9,85.4,64.4,52.06,0,0,,0,0,11.9,6.9,140,1006.6,45.4,3.2,0,0,0,,Partially cloudy,partly-cloudy-night,"VABP,42667099999"
"Bhopal, Madhya Pradesh, India",2024-05-18T06:00:00,84.2,85,62.6,48.35,0,0,,0,0,11.4,6.9,140,1009,50,3.7,0,0,0,,Partially cloudy,partly-cloudy-day,"VABP,42667099999"
"Bhopal, Madhya Pradesh, India",2024-05-18T07:00:00,87.8,88.5,62.6,43.1,0,0,,0,0,13.6,6.9,150,1009,0,3.7,36.2,0.1,0,,Clear,clear-day,"VABP,42667099999"
"Bhopal, Madhya Pradesh, India",2024-05-18T08:00:00,90.2,92.2,64.9,43.27,0,0,,0,0,17.4,9.4,180,1007.2,10,3.2,207.7,0.7,2,,Clear,clear-day,"VABP,42672099999,42667099999,42763099999"
"Bhopal, Madhya Pradesh, India",2024-05-18T09:00:00,93.2,92.6,59,32.03,0,0,,0,0,22.1,12.8,210,1009,0,3.7,429,1.5,4,,Clear,clear-day,"VABP,42667099999"
"Bhopal, Madhya Pradesh, India",2024-05-18T10:00:00,95,94.5,59,30.3,0,0,,0,0,22.8,8.1,170,1009,4.7,3.7,639.9,2.3,6,,Clear,clear-day,"VABP,42667099999"
"Bhopal, Madhya Pradesh, India",2024-05-18T11:00:00,99.7,99.7,58.9,26.23,0,0,,0,0,22.4,11.4,180,1005.6,7.1,3.1,806.2,2.9,8,,Clear,clear-day,"VABP,42667099999,42763099999"
"Bhopal, Madhya Pradesh, India",2024-05-18T12:00:00,100.4,99.8,57.2,24.09,0,0,,0,0,20.1,6.9,200,1007,0,3.7,890.8,3.2,9,,Clear,clear-day,"VABP,42667099999"
"Bhopal, Madhya Pradesh, India",2024-05-18T13:00:00,102.2,101,55.4,21.39,0,0,,0,0,18.8,8.1,130,1006,27.3,3.7,934.6,3.4,9,,Partially cloudy,partly-cloudy-day,"VABP,42667099999"
"Bhopal, Madhya Pradesh, India",2024-05-18T14:00:00,104.9,104.2,55.8,20.07,0,0,,0,0,17.7,8,160,1002.3,27.3,3.1,934.9,3.4,9,,Partially cloudy,partly-cloudy-day,"VABP,42667099999,42763099999"
"Bhopal, Madhya Pradesh, India",2024-05-18T15:00:00,104,100.7,48.2,15.54,0,0,,0,0,15.9,8.1,110,1004,50,3.7,840.9,3,8,,Partially cloudy,partly-cloudy-day,"VABP,42667099999"
"Bhopal, Madhya Pradesh, India",2024-05-18T16:00:00,104,100.7,48.2,15.54,0,0,,0,0,13.4,3.4,190,1003,50,3.7,706.6,2.5,7,,Partially cloudy,partly-cloudy-day,"VABP,42667099999"
"Bhopal, Madhya Pradesh, India",2024-05-18T17:00:00,101.2,102.7,61.3,27.18,0,0,,0,0,11.2,6.8,135,1000.7,49.5,3.2,502,1.8,5,,Partially cloudy,partly-cloudy-day,"VABP,42672099999,42667099999,42763099999"
"Bhopal, Madhya Pradesh, India",2024-05-18T18:00:00,96.8,98.3,62.6,32.57,0,0,,0,0,11,9.2,150,1003,50,3.7,300.6,1.1,3,,Partially cloudy,partly-cloudy-day,"VABP,42667099999"
"Bhopal, Madhya Pradesh, India",2024-05-18T19:00:00,95,96.2,62.6,34.42,0,0,,0,0,8.5,10.3,150,1004,88.9,3.7,108.6,0.4,0,,Partially cloudy,partly-cloudy-night,"VABP,42667099999"
"Bhopal, Madhya Pradesh, India",2024-05-18T20:00:00,93.9,94.5,61.6,34.45,0,0,,0,0,12.8,5.8,145,1002.8,50,3.2,5.6,0,0,,Partially cloudy,partly-cloudy-night,"VABP,42667099999"
"Bhopal, Madhya Pradesh, India",2024-05-18T21:00:00,91.4,92.2,62.6,38.49,0,0,,0,0,13.4,6.9,110,1005,50,3.7,0,0,0,,Partially cloudy,partly-cloudy-night,"VABP,42667099999"
"Bhopal, Madhya Pradesh, India",2024-05-18T22:00:00,89.6,88.3,57.2,33.6,0,0,,0,0,12.3,6.9,110,1006,50,3.7,0,0,0,,Partially cloudy,partly-cloudy-night,"VABP,42667099999"
"Bhopal, Madhya Pradesh, India",2024-05-18T23:00:00,91.1,89.4,56.2,30.95,0,0,,0,0,10.3,8.1,135,1004,45.4,3.2,0,0,0,,Partially cloudy,partly-cloudy-night,"VABP,42667099999"
"Bhopal, Madhya Pradesh, India",2024-05-19T00:00:00,90.2,90.8,62.1,39.3,0,0,,0,0,9.6,6.3,206.6,1004,5.8,,0,0,0,,Clear,clear-night,remote
"Bhopal, Madhya Pradesh, India",2024-05-19T01:00:00,89.5,90.1,62.3,40.45,0,0,,0,0,11.2,6.3,219.8,1003,2.2,,0,0,0,,Clear,clear-night,remote
"Bhopal, Madhya Pradesh, India",2024-05-19T02:00:00,87.9,85.2,50.1,27.34,0,0,,0,0,10.7,6.9,135,1003.1,45.4,3.2,0,0,0,,Partially cloudy,partly-cloudy-night,"VABP,42667099999"
"Bhopal, Madhya Pradesh, India",2024-05-19T03:00:00,86.3,86.7,61.8,43.98,0,0,,0,0,10.3,5.8,226.3,1003,0.1,,0,0,0,,Clear,clear-night,remote
"Bhopal, Madhya Pradesh, India",2024-05-19T04:00:00,85,85.8,62.5,46.96,0,0,,0,0,9.8,5.1,237.9,1003,55.7,,0,0,0,,Partially cloudy,partly-cloudy-night,remote
"Bhopal, Madhya Pradesh, India",2024-05-19T05:00:00,84.1,84.1,59.9,44.16,0,0,,0,0,8.7,5.8,180,1004.3,27.3,3.2,0,0,0,,Partially cloudy,partly-cloudy-night,"VABP,42667099999"
"Bhopal, Madhya Pradesh, India",2024-05-19T06:00:00,84.2,83.5,57.2,39.9,0,0,,0,0,8.9,5.8,150,1006,27.3,3.7,0,0,0,,Partially cloudy,partly-cloudy-day,"VABP,42667099999"
"Bhopal, Madhya Pradesh, India",2024-05-19T07:00:00,86,85.5,59,40.17,0,0,,0,0,11.6,9.2,150,1007,27.3,3.7,37.8,0.1,0,,Partially cloudy,partly-cloudy-day,"VABP,42667099999"
"Bhopal, Madhya Pradesh, India",2024-05-19T08:00:00,91.5,92.7,63.4,39.44,0,0,,0,0,14.8,10.7,146,1005.1,18.1,3.2,210.2,0.8,2,,Clear,clear-day,"VABP,42672099999,42667099999,42763099999"
"Bhopal, Madhya Pradesh, India",2024-05-19T09:00:00,90.9,93.4,65.6,43.31,0,0,,0,0,17.4,3.6,212.8,1005,20.6,,429.3,1.5,4,,Partially cloudy,partly-cloudy-day,remote
"Bhopal, Madhya Pradesh, India",2024-05-19T10:00:00,98.6,97.8,57.2,25.44,0,0,,0,0,18.6,15,170,1007,0,3.7,638.7,2.3,6,,Clear,clear-day,"VABP,42667099999"
"Bhopal, Madhya Pradesh, India",2024-05-19T11:00:00,101.3,99.9,55,21.68,0,0,,0,0,18.8,8.6,211,1003.6,27.3,3.1,810.9,2.9,8,,Partially cloudy,partly-cloudy-day,"VABP,42667099999,42763099999"
"Bhopal, Madhya Pradesh, India",2024-05-19T12:00:00,104,101.7,51.8,17.77,0,0,,0,0,19.7,10.3,200,1005,0,3.7,929.2,3.3,9,,Clear,clear-day,"VABP,42667099999"
"Bhopal, Madhya Pradesh, India",2024-05-19T13:00:00,105.8,102.5,48.2,14.74,0,0,,0,0,11,6.9,200,1004,0,3.7,987,3.6,10,,Clear,clear-day,"VABP,42667099999"
"Bhopal, Madhya Pradesh, India",2024-05-19T14:00:00,106,102.6,48,14.52,0,0,,0,0,12.1,5.8,91,1000.4,21.6,3.1,979.4,3.5,10,,Partially cloudy,partly-cloudy-day,"VABP,42667099999,42763099999"
"Bhopal, Madhya Pradesh, India",2024-05-19T15:00:00,106.1,107.1,59.1,21.78,0,0,,0,0,12.5,4.3,7.8,1001,23.9,,892.9,3.2,9,,Partially cloudy,partly-cloudy-day,remote
"Bhopal, Madhya Pradesh, India",2024-05-19T16:00:00,105.2,106.3,59.4,22.65,0,0,,0,0,12.5,5.8,347.8,1000,38.7,,754.4,2.7,8,,Partially cloudy,partly-cloudy-day,remote
"Bhopal, Madhya Pradesh, India",2024-05-19T17:00:00,107.4,106.1,54.1,17.5,0,0,,0,0,11.6,6.8,91,998.3,45.4,3.2,555.5,2,6,,Partially cloudy,partly-cloudy-day,"VABP,42672099999,42667099999,42763099999"
"Bhopal, Madhya Pradesh, India",2024-05-19T18:00:00,100.4,99.8,57.2,24.09,0,0,,0,0,10.3,9.2,130,1001,27.3,3.7,332.7,1.2,3,,Partially cloudy,partly-cloudy-day,"VABP,42667099999"
"Bhopal, Madhya Pradesh, India",2024-05-19T19:00:00,96.8,95.8,57.2,26.88,0,0,,0,0,7.4,10.3,170,1002,27.3,3.7,115.3,0.4,0,,Partially cloudy,partly-cloudy-night,"VABP,42667099999"
"Bhopal, Madhya Pradesh, India",2024-05-19T20:00:00,95.2,95.4,60.3,31.53,0,0,,0,0,5.8,9.2,135,1000.7,2.9,3.2,6.2,0,0,,Clear,clear-night,"VABP,42667099999"
"Bhopal, Madhya Pradesh, India",2024-05-19T21:00:00,91.4,90.7,59,33.87,0,0,,0,0,6,13.9,140,1003,0,3.7,0,0,0,,Clear,clear-night,"VABP,42667099999"
"Bhopal, Madhya Pradesh, India",2024-05-19T22:00:00,89.6,89.5,60.8,38.21,0,0,,0,0,9.2,8.1,130,1004,27.3,3.7,0,0,0,,Partially cloudy,partly-cloudy-night,"VABP,42667099999"
"Bhopal, Madhya Pradesh, India",2024-05-19T23:00:00,90.1,90.7,62.3,39.67,0,0,,0,0,11.9,6.9,140,1002.2,27.3,3.2,0,0,0,,Partially cloudy,partly-cloudy-night,"VABP,42667099999"
"Bhopal, Madhya Pradesh, India",2024-05-20T00:00:00,91.7,91.1,59.3,33.92,0,0,,0,0,12.3,4,188.2,1002,3.8,,0,0,0,,Clear,clear-night,remote
"Bhopal, Madhya Pradesh, India",2024-05-20T01:00:00,91.1,90.7,59.8,35.16,0,0,,0,0,8.1,5.4,201.5,1001,10.6,,0,0,0,,Clear,clear-night,remote
"Bhopal, Madhya Pradesh, India",2024-05-20T02:00:00,87.2,88.4,63.8,45.82,0,0,,0,0,8.9,5.8,160,999.3,30,2.5,0,0,0,,Partially cloudy,partly-cloudy-night,42667099999
"Bhopal, Madhya Pradesh, India",2024-05-20T03:00:00,87.9,88.1,61.4,41.24,0,0,,0,0,8.9,6.9,244.9,1001,17.5,,0,0,0,,Clear,clear-night,remote
"Bhopal, Madhya Pradesh, India",2024-05-20T04:00:00,84.1,84.4,61.1,45.94,0,0,,0,0,8.3,5.4,224.2,1002,37.7,,0,0,0,,Partially cloudy,partly-cloudy-night,remote
"Bhopal, Madhya Pradesh, India",2024-05-20T05:00:00,86,85.8,59.9,41.51,0,0,,0,0,7.6,9.2,160,1003.3,1.4,3.2,0,0,0,,Clear,clear-night,"VABP,42667099999"
"Bhopal, Madhya Pradesh, India",2024-05-20T06:00:00,86,85.5,59,40.17,0,0,,0,0,7.6,8.1,140,1005,0,3.7,0,0,0,,Clear,clear-day,"VABP,42667099999"
"Bhopal, Madhya Pradesh, India",2024-05-20T07:00:00,87.8,87.8,60.8,40.45,0,0,,0,0,8.1,10.3,120,1006,27.3,3.7,37.8,0.1,0,,Partially cloudy,partly-cloudy-day,"VABP,42667099999"
"Bhopal, Madhya Pradesh, India",2024-05-20T08:00:00,90.5,90.7,61.5,38.14,0,0,,0,0,11.4,14.7,95,1004.9,0,3.2,207.7,0.7,2,,Clear,clear-day,"VABP,42672099999,42667099999,42763099999"
"Bhopal, Madhya Pradesh, India",2024-05-20T09:00:00,93.2,93.3,60.8,34.15,0,0,,0,0,14.5,13.9,100,1007,0,3.7,430,1.5,4,,Clear,clear-day,"VABP,42667099999"
"Bhopal, Madhya Pradesh, India",2024-05-20T10:00:00,95,95.3,60.8,32.3,0,0,,0,0,17.9,12.8,100,1007,0,3.7,639.6,2.3,6,,Clear,clear-day,"VABP,42667099999"
"Bhopal, Madhya Pradesh, India",2024-05-20T11:00:00,100.3,101.5,61,27.7,0,0,,0,0,18.6,9.1,139,1004.5,0,3.1,809.2,2.9,8,,Clear,clear-day,"VABP,42667099999,42763099999"
"Bhopal, Madhya Pradesh, India",2024-05-20T12:00:00,100.4,99.8,57.2,24.09,0,0,,0,0,18.1,5.8,80,1006,0,3.7,934.9,3.4,9,,Clear,clear-day,"VABP,42667099999"
"Bhopal, Madhya Pradesh, India",2024-05-20T13:00:00,102.2,101.8,57.2,22.83,0,0,,0,0,16.8,6.9,70,1005,0,3.7,954.9,3.4,10,,Clear,clear-day,"VABP,42667099999"
"Bhopal, Madhya Pradesh, India",2024-05-20T14:00:00,104.1,103.3,55.9,20.56,0,0,,0,0,15.4,8,91,1001.7,20.5,3.1,945.6,3.4,9,,Partially cloudy,partly-cloudy-day,"VABP,42667099999,42763099999"
"Bhopal, Madhya Pradesh, India",2024-05-20T15:00:00,104,103,55.4,20.27,0,0,,0,0,13.4,9.2,100,1004,0,3.7,819.2,2.9,8,,Clear,clear-day,"VABP,42667099999"
"Bhopal, Madhya Pradesh, India",2024-05-20T16:00:00,105,108.4,63.2,26.03,0,0,,0,0,10.7,1.3,193.6,1000,59.1,,659.4,2.4,7,,Partially cloudy,partly-cloudy-day,remote
"Bhopal, Madhya Pradesh, India",2024-05-20T17:00:00,105.1,104.4,55.8,19.9,0,0,,0,0,8.5,6.8,90,999.5,10,3.2,435.8,1.6,4,,Clear,clear-day,"VABP,42672099999,42667099999,42763099999"
"Bhopal, Madhya Pradesh, India",2024-05-20T18:00:00,105.7,109.6,63.8,25.97,0,0,,0,0,9.2,3.8,154.1,999,30.7,,298.2,1.1,3,,Partially cloudy,partly-cloudy-day,remote
"Bhopal, Madhya Pradesh, India",2024-05-20T19:00:00,100.4,97.9,51.8,19.79,0,0,,0,0,8.1,3.4,90,1003,27.3,3.7,102.8,0.4,0,,Partially cloudy,partly-cloudy-night,"VABP,42667099999"
"Bhopal, Madhya Pradesh, India",2024-05-20T20:00:00,96.9,94.6,53.1,23.13,0,0,,0,0,6.3,10.3,55,1002,45.4,3.2,5.8,0,0,,Partially cloudy,partly-cloudy-night,"VABP,42667099999"
"Bhopal, Madhya Pradesh, India",2024-05-20T21:00:00,93.2,90.9,53.6,26.35,0,0,,0,0,5.8,11.4,90,1005,50,3.7,0,0,0,,Partially cloudy,partly-cloudy-night,"VABP,42667099999"
"Bhopal, Madhya Pradesh, India",2024-05-20T22:00:00,93.2,91.3,55.4,28.13,0,0,,0,0,6.7,6.9,10,1007,27.3,3.7,0,0,0,,Partially cloudy,partly-cloudy-night,"VABP,42667099999"
"Bhopal, Madhya Pradesh, India",2024-05-20T23:00:00,91.9,90.3,56.3,30.29,0,0,,0,0,7.6,9.2,90,1004.2,50,3.2,0,0,0,,Partially cloudy,partly-cloudy-night,"VABP,42667099999"
"Bhopal, Madhya Pradesh, India",2024-05-21T00:00:00,92.7,93.1,61.4,35.41,0,0,,0,0,8.1,4.5,181.4,1003,33.7,,0,0,0,,Partially cloudy,partly-cloudy-night,remote
"Bhopal, Madhya Pradesh, India",2024-05-21T01:00:00,92.7,93,61.1,34.96,0,0,,0,0,8.3,4.7,189.4,1002,23.9,,0,0,0,,Partially cloudy,partly-cloudy-night,remote
"Bhopal, Madhya Pradesh, India",2024-05-21T02:00:00,89.7,88.5,57.5,33.83,0,0,,0,0,9.2,10.3,110,1001.3,40,2.5,0,0,0,,Partially cloudy,partly-cloudy-night,42667099999
"Bhopal, Madhya Pradesh, India",2024-05-21T03:00:00,86,86,60.8,42.83,0,0,,0,0,10.3,6.9,160,1005,50,3.7,0,0,0,,Partially cloudy,partly-cloudy-night,"VABP,42667099999"
"Bhopal, Madhya Pradesh, India",2024-05-21T04:00:00,84.2,83.9,59,42.56,0,0,,0,0,11,8.1,160,1005,50,3.7,0,0,0,,Partially cloudy,partly-cloudy-night,"VABP,42667099999"
"Bhopal, Madhya Pradesh, India",2024-05-21T05:00:00,85.7,85.8,61,43.68,0,0,,0,0,12.3,10.3,140,1003.7,45.4,3.2,0,0,0,,Partially cloudy,partly-cloudy-night,"VABP,42667099999"
"Bhopal, Madhya Pradesh, India",2024-05-21T06:00:00,86,85.5,59,40.17,0,0,,0,0,13.6,9.2,140,1006,50,3.7,0,0,0,,Partially cloudy,partly-cloudy-day,"VABP,42667099999"
"Bhopal, Madhya Pradesh, India",2024-05-21T07:00:00,87.8,87.8,60.8,40.45,0,0,,0,0,13.4,8.1,150,1006,27.3,3.7,37.5,0.1,0,,Partially cloudy,partly-cloudy-day,"VABP,42667099999"
"Bhopal, Madhya Pradesh, India",2024-05-21T08:00:00,91.6,92.5,62.5,38.11,0,0,,0,0,13.4,7.8,145,1004.8,27.4,3.2,201.7,0.7,2,,Partially cloudy,partly-cloudy-day,"VABP,42672099999,42667099999,42763099999"
"Bhopal, Madhya Pradesh, India",2024-05-21T09:00:00,96.8,96.5,59,28.67,0,0,,0,0,14.5,10.3,190,1007,27.3,3.7,406.9,1.5,4,,Partially cloudy,partly-cloudy-day,"VABP,42667099999"
"Bhopal, Madhya Pradesh, India",2024-05-21T10:00:00,98.6,97.8,57.2,25.44,0,0,,0,0,15,5.8,200,1007,27.3,3.7,623.4,2.2,6,,Partially cloudy,partly-cloudy-day,"VABP,42667099999"
"Bhopal, Madhya Pradesh, India",2024-05-21T11:00:00,103,101.8,55,20.6,0,0,,0,0,15.9,4.1,149,1003.6,0.4,3.1,794,2.9,8,,Clear,clear-day,"VABP,42667099999,42763099999"
"Bhopal, Madhya Pradesh, India",2024-05-21T12:00:00,103.4,104.6,60.2,24.52,0,0,,0,0,16.1,5.4,303.3,1003,37,,930.3,3.3,9,,Partially cloudy,partly-cloudy-day,remote
"Bhopal, Madhya Pradesh, India",2024-05-21T13:00:00,103.2,104.6,60.5,24.97,0,0,,0,0,13.4,3.8,307.4,1002,37.7,,884.7,3.2,9,,Partially cloudy,partly-cloudy-day,remote
"Bhopal, Madhya Pradesh, India",2024-05-21T14:00:00,104.1,102.8,54.5,19.56,0,0,,0,0,12.1,9.1,110,1001.5,54.4,3.1,740.6,2.7,7,,Partially cloudy,partly-cloudy-day,"VABP,42667099999,42763099999"
"Bhopal, Madhya Pradesh, India",2024-05-21T15:00:00,104,100.7,48.2,15.54,0,0,,0,0,11.2,3.4,70,1003,50,3.7,798.6,2.9,8,,Partially cloudy,partly-cloudy-day,"VABP,42667099999"
"Bhopal, Madhya Pradesh, India",2024-05-21T16:00:00,105.3,106.2,58.9,22.1,0,0,,0,0,11.2,2.7,15.3,1000,24.5,,670.7,2.4,7,,Partially cloudy,partly-cloudy-day,remote
"Bhopal, Madhya Pradesh, India",2024-05-21T17:00:00,101.8,102.7,60,25.55,0,0,,0,0,8.9,6.8,90,1000.4,54.3,3.2,503.8,1.8,5,,Partially cloudy,partly-cloudy-day,"VABP,42672099999,42667099999,42763099999"
"Bhopal, Madhya Pradesh, India",2024-05-21T18:00:00,100.4,99.8,57.2,24.09,0,0,,0,0,7.4,3.4,150,1003,50,3.7,308.9,1.1,3,,Partially cloudy,partly-cloudy-day,"VABP,42667099999"
"Bhopal, Madhya Pradesh, India",2024-05-21T19:00:00,96.8,96.5,59,28.67,0,0,,0,0,7.2,3.4,50,1004,50,3.7,119.7,0.4,0,,Partially cloudy,partly-cloudy-night,"VABP,42667099999"
"Bhopal, Madhya Pradesh, India",2024-05-21T20:00:00,95.1,94.6,59,30.22,0,0,,0,0,7.8,6.9,90,1002.8,27.3,3.2,6.8,0,0,,Partially cloudy,partly-cloudy-night,"VABP,42667099999"
"Bhopal, Madhya Pradesh, India",2024-05-21T21:00:00,96.2,97.2,62,32.48,0,0,,0,0,10.1,5.8,189,1001,12.7,,0,0,0,,Clear,clear-night,remote
"Bhopal, Madhya Pradesh, India",2024-05-21T22:00:00,95.8,97.4,63.1,34.11,0,0,,0,0,10.5,6,200.2,1002,13.4,,0,0,0,,Clear,clear-night,remote
"Bhopal, Madhya Pradesh, India",2024-05-21T23:00:00,90.8,91.2,61.8,38.06,0,0,,0,0,9.8,3.4,110,1003.5,27.3,3.2,0,0,0,,Partially cloudy,partly-cloudy-night,"VABP,42667099999"
"Bhopal, Madhya Pradesh, India",2024-05-22T00:00:00,93.5,95.2,63.8,37.6,0,0,,0,0,9.2,5.8,224.9,1003,51.6,,0,0,0,,Partially cloudy,partly-cloudy-night,remote
"Bhopal, Madhya Pradesh, India",2024-05-22T01:00:00,91.7,93.2,63.9,40.02,0,0,,0,0,10.7,5.4,235.5,1002,30.9,,0,0,0,,Partially cloudy,partly-cloudy-night,remote
"Bhopal, Madhya Pradesh, India",2024-05-22T02:00:00,86.6,86.7,61.1,42.38,0,0,,0,0,8.9,2.2,110,1000.6,30,2.5,0,0,0,,Partially cloudy,partly-cloudy-night,42667099999
"Bhopal, Madhya Pradesh, India",2024-05-22T03:00:00,90.1,91.4,63.8,41.83,0,0,,0,0,7.2,5.1,241.6,1002,16.2,,0,0,0,,Clear,clear-night,remote
"Bhopal, Madhya Pradesh, India",2024-05-22T04:00:00,87.7,89.8,65.4,47.66,0,0,,0,0,7.2,4.5,241.8,1002,30.5,,0,0,0,,Partially cloudy,partly-cloudy-night,remote
"Bhopal, Madhya Pradesh, India",2024-05-22T05:00:00,89.7,87.8,55.2,31.21,0,0,,0,0,9.4,8.1,160,1003,50,3.2,0,0,0,,Partially cloudy,partly-cloudy-night,"VABP,42667099999"
"Bhopal, Madhya Pradesh, India",2024-05-22T06:00:00,92,95.2,66.5,43.2,0,0,,0,0,11.9,4.3,173.6,1003,23.4,,0,0,0,,Partially cloudy,partly-cloudy-day,remote
"Bhopal, Madhya Pradesh, India",2024-05-22T07:00:00,91.1,93.9,66.1,43.88,0,0,,0,0,12.3,6,172.9,1003,13.2,,31.5,0.1,0,,Clear,clear-day,remote
"Bhopal, Madhya Pradesh, India",2024-05-22T08:00:00,94,94.6,61.6,34.27,0,0,,0,0,13.9,9,115,1003.9,10,3.2,174.9,0.6,2,,Clear,clear-day,"VABP,42672099999,42667099999,42763099999"
"Bhopal, Madhya Pradesh, India",2024-05-22T09:00:00,96.8,96.5,59,28.67,0,0,,0,0,16.6,11.4,150,1007,0,3.7,424.2,1.5,4,,Clear,clear-day,"VABP,42667099999"
"Bhopal, Madhya Pradesh, India",2024-05-22T10:00:00,100.4,100.6,59,25.7,0,0,,0,0,17.4,9.2,170,1007,0,3.7,639.2,2.3,6,,Clear,clear-day,"VABP,42667099999"
"Bhopal, Madhya Pradesh, India",2024-05-22T11:00:00,103,102.9,57.7,22.66,0,0,,0,0,17.9,10.3,175,1003.4,3.6,3.1,807,2.9,8,,Clear,clear-day,"VABP,42667099999,42763099999"
"Bhopal, Madhya Pradesh, India",2024-05-22T12:00:00,104,103,55.4,20.27,0,0,,0,0,18.8,6.9,160,1005,0,3.7,917.5,3.3,9,,Clear,clear-day,"VABP,42667099999"
"Bhopal, Madhya Pradesh, India",2024-05-22T13:00:00,105.8,105,55.4,19.22,0,0,,0,0,15.2,6.9,120,1004,27.3,3.7,924.5,3.3,9,,Partially cloudy,partly-cloudy-day,"VABP,42667099999"
"Bhopal, Madhya Pradesh, India",2024-05-22T14:00:00,106,104.9,54.5,18.46,0,0,,0,0,14.1,9.1,111,1000.3,45.4,3.1,861,3.1,9,,Partially cloudy,partly-cloudy-day,"VABP,42667099999,42763099999"
"Bhopal, Madhya Pradesh, India",2024-05-22T15:00:00,107.6,105.4,51.8,15.98,0,0,,0,0,13,11.4,110,1002,50,3.7,692.4,2.5,7,,Partially cloudy,partly-cloudy-day,"VABP,42667099999"
"Bhopal, Madhya Pradesh, India",2024-05-22T16:00:00,104.1,107.4,63.4,26.91,0,0,,0,0,13.2,6.9,8.8,999,47.8,,560.8,2,6,,Partially cloudy,partly-cloudy-day,remote
"Bhopal, Madhya Pradesh, India",2024-05-22T17:00:00,102.3,101.1,55.1,21.11,0,0,,0,0,14.3,5.7,55,998.7,68.3,3.1,468.5,1.7,5,,Partially cloudy,partly-cloudy-day,"VABP,42672099999,42667099999,42763099999"
"Bhopal, Madhya Pradesh, India",2024-05-22T18:00:00,100.4,99.8,57.2,24.09,0,0,,0,0,13.2,4.7,120,1002,50,3.7,269.7,1,3,,Partially cloudy,partly-cloudy-day,"VABP,42667099999"
"Bhopal, Madhya Pradesh, India",2024-05-22T19:00:00,96.8,96.5,59,28.67,0,0,,0,0,8.5,5.8,110,1002,50,3.7,95.2,0.3,0,,Partially cloudy,partly-cloudy-night,"VABP,42667099999"
"Bhopal, Madhya Pradesh, India",2024-05-22T20:00:00,95.1,95.5,61,32.51,0,0,,0,0,7.4,4.7,90,1000.8,54.6,3.2,5.8,0,0,,Partially cloudy,partly-cloudy-night,"VABP,42667099999"
"Bhopal, Madhya Pradesh, India",2024-05-22T21:00:00,93.2,93.3,60.8,34.15,0,0,,0,0,7.6,3.4,110,1003,50,3.7,0,0,0,,Partially cloudy,partly-cloudy-night,"VABP,42667099999"
"Bhopal, Madhya Pradesh, India",2024-05-22T22:00:00,95,93.8,57.2,28.4,0,0,,0,0,7.6,10.3,100,1004,50,3.7,0,0,0,,Partially cloudy,partly-cloudy-night,"VABP,42667099999"
"Bhopal, Madhya Pradesh, India",2024-05-22T23:00:00,91.6,90.9,59.1,33.75,0,0,,0,0,7.4,7.5,95,1001.6,45.4,3.2,0,0,0,,Partially cloudy,partly-cloudy-night,"VABP,42667099999"
"Bhopal, Madhya Pradesh, India",2024-05-23T00:00:00,91.7,92.6,62.7,38.29,0,0,,0,0,7.4,6.9,139.9,1001,27.2,,0,0,0,,Partially cloudy,partly-cloudy-night,remote
"Bhopal, Madhya Pradesh, India",2024-05-23T01:00:00,90.9,91.8,62.7,39.16,0,0,,0,0,13.2,7.8,135.8,1001,32.9,,0,0,0,,Partially cloudy,partly-cloudy-night,remote
"Bhopal, Madhya Pradesh, India",2024-05-23T02:00:00,89.9,89.2,59.3,35.88,0,0,,0,0,17.2,6.9,90,998.9,40,2.5,0,0,0,,Partially cloudy,partly-cloudy-night,42667099999
"Bhopal, Madhya Pradesh, India",2024-05-23T03:00:00,88.6,89.2,62.3,41.62,0,0,,0,0,19.2,10.5,156.2,1001,78.8,,0,0,0,,Partially cloudy,partly-cloudy-night,remote
"Bhopal, Madhya Pradesh, India",2024-05-23T04:00:00,88.4,90.7,65.7,47.17,0,0,,0,0,19.2,8.1,166.1,1001,56.2,,0,0,0,,Partially cloudy,partly-cloudy-night,remote
"Bhopal, Madhya Pradesh, India",2024-05-23T05:00:00,86.2,87.2,63.1,46.09,0,0,,0,0,18.1,6.9,115,1002.2,41.2,3.2,0,0,0,,Partially cloudy,partly-cloudy-night,"VABP,42667099999"
"Bhopal, Madhya Pradesh, India",2024-05-23T06:00:00,86,86.7,62.6,45.64,0,0,,0,0,17.9,6.9,130,1004,27.3,3.7,0,0,0,,Partially cloudy,partly-cloudy-day,"VABP,42667099999"
"Bhopal, Madhya Pradesh, India",2024-05-23T07:00:00,89.3,92.2,66.5,47.01,0,0,,0,0,16.6,8.9,177.8,1002,14.7,,36.9,0.1,0,,Clear,clear-day,remote
"Bhopal, Madhya Pradesh, India",2024-05-23T08:00:00,93.3,94.5,63,36.86,0,0,,0,0,16.6,12.5,160,1002.1,54.6,3.2,198.4,0.7,2,,Partially cloudy,partly-cloudy-day,"VABP,42672099999,42667099999,42763099999"
"Bhopal, Madhya Pradesh, India",2024-05-23T09:00:00,90.9,94.5,67.2,45.81,0,0,,0,0,19.7,9.4,188.4,1002,3.5,,400.5,1.4,4,,Clear,clear-day,remote
"Bhopal, Madhya Pradesh, India",2024-05-23T10:00:00,100.4,99.1,55.4,22.58,0,0,,0,0,19.9,10.3,230,1005,88.9,3.7,596.4,2.1,6,,Partially cloudy,partly-cloudy-day,"VABP,42667099999"
"Bhopal, Madhya Pradesh, India",2024-05-23T11:00:00,102.8,101.6,55,20.7,0,0,,0,0,19.7,8,230,1001.3,49.8,3.1,784.8,2.8,8,,Partially cloudy,partly-cloudy-day,"VABP,42667099999,42763099999"
"Bhopal, Madhya Pradesh, India",2024-05-23T12:00:00,105.8,104.2,53.6,18,0,0,,0,0,18.1,4.7,200,1003,50,3.7,915.5,3.3,9,,Partially cloudy,partly-cloudy-day,"VABP,42667099999"
"Bhopal, Madhya Pradesh, India",2024-05-23T13:00:00,105.8,103.6,51.8,16.85,0,0,,0,0,17,4.7,280,1002,50,3.7,937.9,3.4,9,,Partially cloudy,partly-cloudy-day,"VABP,42667099999"
"Bhopal, Madhya Pradesh, India",2024-05-23T14:00:00,107.8,104.6,48.6,14.08,0,0,,0,0,15,6.9,225,998.2,49.8,3.1,752.7,2.7,8,,Partially cloudy,partly-cloudy-day,"VABP,42667099999,42763099999"
"Bhopal, Madhya Pradesh, India",2024-05-23T15:00:00,107.6,104.2,48.2,13.98,0,0,,0,0,13.2,3.4,230,1000,50,3.7,690.8,2.5,7,,Partially cloudy,partly-cloudy-day,"VABP,42667099999"
"Bhopal, Madhya Pradesh, India",2024-05-23T16:00:00,109.4,104.9,44.6,11.58,0,0,,0,0,13.9,5.8,280,999,50,3.7,477.3,1.7,5,,Partially cloudy,partly-cloudy-day,"VABP,42667099999"
"Bhopal, Madhya Pradesh, India",2024-05-23T17:00:00,107.1,104.4,50.3,15.33,0,0,,0,0,14.3,5.7,70,996.5,45.6,3.1,292.1,1.1,3,,Partially cloudy,partly-cloudy-day,"VABP,42672099999,42667099999,42763099999"
"Bhopal, Madhya Pradesh, India",2024-05-23T18:00:00,104,102.3,53.6,18.98,0,0,,0,0,15.2,5.8,100,999,50,3.7,214.2,0.8,2,,Partially cloudy,partly-cloudy-day,"VABP,42667099999"
"Bhopal, Madhya Pradesh, India",2024-05-23T19:00:00,100.4,100.6,59,25.7,0,0,,0,0,18.1,10.3,90,1000,50,3.7,81.7,0.3,0,,Partially cloudy,partly-cloudy-night,"VABP,42667099999"
"Bhopal, Madhya Pradesh, India",2024-05-23T20:00:00,96.8,97.4,60.9,30.66,0,0,,0,0,17.4,9.2,135,998.8,24.9,3.2,5.3,0,0,,Partially cloudy,partly-cloudy-night,"VABP,42667099999"
"Bhopal, Madhya Pradesh, India",2024-05-23T21:00:00,95,95.3,60.8,32.3,0,0,,0,0,15.4,3.4,100,1001,0,3.7,0,0,0,,Clear,clear-night,"VABP,42667099999"
"Bhopal, Madhya Pradesh, India",2024-05-23T22:00:00,95,95.3,60.8,32.3,0,0,,0,0,12.3,5.8,90,1002,0,3.7,0,0,0,,Clear,clear-night,"VABP,42667099999"
"Bhopal, Madhya Pradesh, India",2024-05-23T23:00:00,95.1,96.2,62.4,34.13,0,0,,0,0,11.4,7,65,999.8,0,3.2,0,0,0,,Clear,clear-night,"VABP,42667099999"
"Bhopal, Madhya Pradesh, India",2024-05-24T00:00:00,94.2,96.9,65.2,38.67,0,0,,0,0,10.7,4.5,126.6,999,63.4,,0,0,0,,Partially cloudy,partly-cloudy-night,remote
"Bhopal, Madhya Pradesh, India",2024-05-24T01:00:00,92.9,95.2,64.8,39.71,0,0,,0,0,9.2,3.8,118.4,999,67.8,,0,0,0,,Partially cloudy,partly-cloudy-night,remote
"Bhopal, Madhya Pradesh, India",2024-05-24T02:00:00,93.5,93.5,60.5,33.54,0,0,,0,0,8.3,6.9,70,996.3,45.3,2.5,0,0,0,,Partially cloudy,partly-cloudy-night,42667099999
"Bhopal, Madhya Pradesh, India",2024-05-24T03:00:00,90.6,92.8,65.2,43.25,0,0,,0,0,8.5,5.4,95.2,999,41.1,,0,0,0,,Partially cloudy,partly-cloudy-night,remote
"Bhopal, Madhya Pradesh, India",2024-05-24T04:00:00,87.3,89,64.7,47.01,0,0,,0,0,10.1,6.9,70.5,999,29.5,,0,0,0,,Partially cloudy,partly-cloudy-night,remote
"Bhopal, Madhya Pradesh, India",2024-05-24T05:00:00,87.9,87.9,60.9,40.46,0,0,,0,0,11,5.8,90,1000.4,50,2.5,0,0,0,,Partially cloudy,partly-cloudy-night,"VABP,42667099999"
"Bhopal, Madhya Pradesh, India",2024-05-24T06:00:00,87.8,87.8,60.8,40.45,0,0,,0,0,11.9,4.7,20,1003,50,3.7,0,0,0,,Partially cloudy,partly-cloudy-day,"VABP,42667099999"
"Bhopal, Madhya Pradesh, India",2024-05-24T07:00:00,89.6,89.5,60.8,38.21,0,0,,0,0,12.1,4.7,20,1003,50,3.7,38.6,0.1,0,,Partially cloudy,partly-cloudy-day,"VABP,42667099999"
"Bhopal, Madhya Pradesh, India",2024-05-24T08:00:00,94.3,95.1,61.9,34.32,0,0,,0,0,14.1,11.2,79,1000.9,27.2,3.2,208.3,0.7,2,,Partially cloudy,partly-cloudy-day,"VABP,42672099999,42667099999,42763099999"
"Bhopal, Madhya Pradesh, India",2024-05-24T09:00:00,96.8,97.3,60.8,30.57,0,0,,0,0,15,9.2,70,1003,0,3.7,424.6,1.5,4,,Clear,clear-day,"VABP,42667099999"
"Bhopal, Madhya Pradesh, India",2024-05-24T10:00:00,98.6,100.4,62.6,30.84,0,0,,0,0,15.4,5.8,40,1003,27.3,3.7,631.4,2.3,6,,Partially cloudy,partly-cloudy-day,"VABP,42667099999"
"Bhopal, Madhya Pradesh, India",2024-05-24T11:00:00,104,106.5,62.2,25.89,0,0,,0,0,15.2,6.4,50,1000.5,0,3.1,803.9,2.9,8,,Clear,clear-day,"VABP,42667099999,42763099999"
"Bhopal, Madhya Pradesh, India",2024-05-24T12:00:00,105.8,105.8,57.2,20.51,0,0,,0,0,14.8,9.2,70,1002,27.3,3.7,923.1,3.3,9,,Partially cloudy,partly-cloudy-day,"VABP,42667099999"
"Bhopal, Madhya Pradesh, India",2024-05-24T13:00:00,107.6,105.4,51.8,15.98,0,0,,0,0,17.2,9.2,30,1001,50,3.7,965.2,3.5,10,,Partially cloudy,partly-cloudy-day,"VABP,42667099999"
"Bhopal, Madhya Pradesh, India",2024-05-24T14:00:00,108.7,107.9,54.9,17.37,0,0,,0,0,17.4,6.9,15,998,49.9,3.1,922.8,3.3,9,,Partially cloudy,partly-cloudy-day,"VABP,42667099999,42763099999"
"Bhopal, Madhya Pradesh, India",2024-05-24T15:00:00,107.6,104.2,48.2,13.98,0,0,,0,0,17.7,6.9,20,1000,50,3.7,716.2,2.6,7,,Partially cloudy,partly-cloudy-day,"VABP,42667099999"
"Bhopal, Madhya Pradesh, India",2024-05-24T16:00:00,107.6,103.7,46.4,13.06,0,0,,0,0,18.3,6.9,20,999,50,3.7,658.3,2.4,7,,Partially cloudy,partly-cloudy-day,"VABP,42667099999"
"Bhopal, Madhya Pradesh, India",2024-05-24T17:00:00,107.8,104.7,48.8,14.22,0,0,,0,0,18.6,7.9,15,996.4,18,3.2,503.6,1.8,5,,Clear,clear-day,"VABP,42672099999,42667099999,42763099999"
"Bhopal, Madhya Pradesh, India",2024-05-24T18:00:00,107.9,110,60.5,21.74,0,0,,0,0,18.1,8.9,18.4,996,10.4,,310.1,1.1,3,,Clear,clear-day,remote
"Bhopal, Madhya Pradesh, India",2024-05-24T19:00:00,107.5,109,59.6,21.28,0,0,,0,0,15.7,7.4,29.5,996,8.4,,111.9,0.4,0,,Clear,clear-night,remote
"Bhopal, Madhya Pradesh, India",2024-05-24T20:00:00,100.5,100.7,59.1,25.72,0,0,,0,0,17.9,4.7,20,996.4,8,2.5,6.4,0,0,,Clear,clear-night,42667099999
"Bhopal, Madhya Pradesh, India",2024-05-24T21:00:00,97.6,96,55.4,24.55,0,0,,0,0,21.3,6.3,5,1002,27.3,3.7,0,0,0,,Partially cloudy,partly-cloudy-night,"VABP,42667099999"
"Bhopal, Madhya Pradesh, India",2024-05-24T22:00:00,96.8,95.8,57.2,26.88,0,0,,0,0,20.4,4.7,30,1003,27.3,3.7,0,0,0,,Partially cloudy,partly-cloudy-night,"VABP,42667099999"
"Bhopal, Madhya Pradesh, India",2024-05-24T23:00:00,95,95.2,60.5,31.97,0,0,,0,0,16.3,3.4,50,1000.8,18,3.2,0,0,0,,Clear,clear-night,"VABP,42667099999"
"Bhopal, Madhya Pradesh, India",2024-05-25T00:00:00,94.6,97.6,65.7,38.97,0,0,,0,0,12.5,5.6,81.8,999,3.7,,0,0,0,,Clear,clear-night,remote
"Bhopal, Madhya Pradesh, India",2024-05-25T01:00:00,93.8,97.3,66.5,40.85,0,0,,0,0,10.5,5.4,93.5,999,1,,0,0,0,,Clear,clear-night,remote
"Bhopal, Madhya Pradesh, India",2024-05-25T02:00:00,91.5,91.2,60.2,35.22,0,0,,0,0,8.9,4.7,20,997.7,30,2.5,0,0,0,,Partially cloudy,partly-cloudy-night,42667099999
"Bhopal, Madhya Pradesh, India",2024-05-25T03:00:00,88.2,92.9,69.3,53.71,0,0,,0,0,6.5,2.7,163.6,999,2.8,,0,0,0,,Clear,clear-night,remote
"Bhopal, Madhya Pradesh, India",2024-05-25T04:00:00,86.3,89.8,68.1,54.77,0,0,,0,0,5.6,2.2,273.7,1000,1.4,,0,0,0,,Clear,clear-night,remote
"Bhopal, Madhya Pradesh, India",2024-05-25T05:00:00,86.1,87.5,64.1,48.02,0,0,,0,0,5.1,2.2,340,998.7,30,2.5,0,0,0,,Partially cloudy,partly-cloudy-night,42667099999
"Bhopal, Madhya Pradesh, India",2024-05-25T06:00:00,86,86,60.8,42.83,0,0,,0,0,5.6,2.2,320,1002,27.3,3.7,0,0,0,,Partially cloudy,partly-cloudy-day,"VABP,42667099999"
"Bhopal, Madhya Pradesh, India",2024-05-25T07:00:00,89.9,94.8,69.3,51.03,0,0,,0,0,6.9,5.1,9.7,1001,1.4,,38.3,0.1,0,,Clear,clear-day,remote
"Bhopal, Madhya Pradesh, India",2024-05-25T08:00:00,93.3,95.4,64.5,38.79,0,0,,0,0,9.8,6.8,346,1001.7,27.3,3.2,206.8,0.7,2,,Partially cloudy,partly-cloudy-day,"VABP,42672099999,42667099999,42763099999"
"Bhopal, Madhya Pradesh, India",2024-05-25T09:00:00,94.9,96.5,63.4,35.59,0,0,,0,0,12.8,8.1,350,1004,0,3.7,415.3,1.5,4,,Clear,clear-day,"VABP,42667099999"
"Bhopal, Madhya Pradesh, India",2024-05-25T10:00:00,98.6,99.4,60.8,28.94,0,0,,0,0,15,9.2,340,1004,0,3.7,626.1,2.3,6,,Clear,clear-day,"VABP,42667099999"
"Bhopal, Madhya Pradesh, India",2024-05-25T11:00:00,101.5,102.8,60.8,26.55,0,0,,0,0,17.2,9.1,337,1000.7,18.2,3.1,797.8,2.9,8,,Clear,clear-day,"VABP,42667099999,42763099999"
"Bhopal, Madhya Pradesh, India",2024-05-25T12:00:00,102.2,102.6,59,24.35,0,0,,0,0,18.1,12.8,310,1002,27.3,3.7,860.7,3.1,9,,Partially cloudy,partly-cloudy-day,"VABP,42667099999"
"Bhopal, Madhya Pradesh, India",2024-05-25T13:00:00,104,103.8,57.2,21.63,0,0,,0,0,19.7,11.4,340,1001,50,3.7,902.1,3.2,9,,Partially cloudy,partly-cloudy-day,"VABP,42667099999"
"Bhopal, Madhya Pradesh, India",2024-05-25T14:00:00,106.6,106.2,56,19.2,0,0,,0,0,22.8,14.9,315,998.1,49.9,3.1,893.6,3.2,9,,Partially cloudy,partly-cloudy-day,"VABP,42667099999,42763099999"
"Bhopal, Madhya Pradesh, India",2024-05-25T15:00:00,107.6,104.2,48.2,13.98,0,0,,0,0,25.1,11.4,320,1000,50,3.7,881.3,3.2,9,,Partially cloudy,partly-cloudy-day,"VABP,42667099999"
"Bhopal, Madhya Pradesh, India",2024-05-25T16:00:00,105.8,102,46.4,13.77,0,0,,0,0,25.3,12.8,320,999,50,3.7,740.2,2.7,7,,Partially cloudy,partly-cloudy-day,"VABP,42667099999"
"Bhopal, Madhya Pradesh, India",2024-05-25T17:00:00,107.6,104.4,48.8,14.29,0,0,,0,0,24.8,12.5,346,996.5,45.3,3.2,541.8,2,5,,Partially cloudy,partly-cloudy-day,"VABP,42672099999,42667099999,42763099999"
"Bhopal, Madhya Pradesh, India",2024-05-25T18:00:00,105.8,101.6,44.6,12.86,0,0,,0,0,23,12.8,320,1000,50,3.7,309.1,1.1,3,,Partially cloudy,partly-cloudy-day,"VABP,42667099999"
"Bhopal, Madhya Pradesh, India",2024-05-25T19:00:00,100.4,96.6,46.4,16.18,0,0,,0,0,18.8,8.1,10,1001,27.3,3.7,123.1,0.4,0,,Partially cloudy,partly-cloudy-night,"VABP,42667099999"
"Bhopal, Madhya Pradesh, India",2024-05-25T20:00:00,98.6,95.2,48.2,18.28,0,0,,0,0,11.6,3.4,56,999,2,3.2,7.4,0,0,,Clear,clear-night,"VABP,42667099999"
"Bhopal, Madhya Pradesh, India",2024-05-25T21:00:00,96.8,93.1,46.4,18.05,0,0,,0,0,9.4,2.2,20,1002,0,3.7,0,0,0,,Clear,clear-night,"VABP,42667099999"
"Bhopal, Madhya Pradesh, India",2024-05-25T22:00:00,93.2,89.6,46.4,20.16,0,0,,0,0,9.2,2.2,360,1003,0,3.7,0,0,0,,Clear,clear-night,"VABP,42667099999"
"Bhopal, Madhya Pradesh, India",2024-05-25T23:00:00,93.2,89.8,48.3,21.64,0,0,,0,0,8.3,2.2,360,1000.8,22.9,3.2,0,0,0,,Partially cloudy,partly-cloudy-night,"VABP,42667099999"
"Bhopal, Madhya Pradesh, India",2024-05-26T00:00:00,92.6,93.1,61.8,36.07,0,0,,0,0,8.3,4.9,1.9,1000,47.4,,0,0,0,,Partially cloudy,partly-cloudy-night,remote
"Bhopal, Madhya Pradesh, India",2024-05-26T01:00:00,92.2,92.5,61.2,35.78,0,0,,0,0,8.3,4.7,1.3,1000,36.5,,0,0,0,,Partially cloudy,partly-cloudy-night,remote
"Bhopal, Madhya Pradesh, India",2024-05-26T02:00:00,91.4,87.9,46.6,21.53,0,0,,0,0,7.6,4.7,360,999.8,15.8,3.2,0,0,0,,Clear,clear-night,"VABP,42667099999"
"Bhopal, Madhya Pradesh, India",2024-05-26T03:00:00,90.2,90,60.3,36.87,0,0,,0,0,7.2,5.4,5.8,999,7.1,,0,0,0,,Clear,clear-night,remote
"Bhopal, Madhya Pradesh, India",2024-05-26T04:00:00,84.6,85.6,63.1,48.42,0,0,,0,0,7.4,4.5,351.7,999,16.3,,0,0,0,,Clear,clear-night,remote
"Bhopal, Madhya Pradesh, India",2024-05-26T05:00:00,86,83.6,50,28.94,0,0,,0,0,7.4,2.2,270,1000.4,14.2,3.2,0,0,0,,Clear,clear-night,"VABP,42667099999"
"Bhopal, Madhya Pradesh, India",2024-05-26T06:00:00,87.8,85.4,51.8,29.21,0,0,,0,0,7.2,2.2,210,1003,26,3.7,0,0,0,,Partially cloudy,partly-cloudy-day,"VABP,42667099999"
"Bhopal, Madhya Pradesh, India",2024-05-26T07:00:00,93.2,91.9,57.2,30.03,0,0,,0,0,6.5,12.8,260,1003,0,3.7,39,0.1,0,,Clear,clear-day,"VABP,42667099999"
"Bhopal, Madhya Pradesh, India",2024-05-26T08:00:00,95,94.1,58.1,29.4,0,0,,0,0,11,13.1,264,1001.1,50,3.2,202,0.7,2,,Partially cloudy,partly-cloudy-day,"VABP,42672099999,42667099999,42763099999"
"Bhopal, Madhya Pradesh, India",2024-05-26T09:00:00,100.4,100.6,59,25.7,0,0,,0,0,16.8,9.2,260,1004,0,3.7,414.1,1.5,4,,Clear,clear-day,"VABP,42667099999"
"Bhopal, Madhya Pradesh, India",2024-05-26T10:00:00,104,103.8,57.2,21.63,0,0,,0,0,18.6,4.7,250,1003,0,3.7,624.6,2.2,6,,Clear,clear-day,"VABP,42667099999"
"Bhopal, Madhya Pradesh, India",2024-05-26T11:00:00,106.3,106,56.6,19.8,0,0,,0,0,18.6,8.4,270,1000.2,40,3.1,797.9,2.9,8,,Partially cloudy,partly-cloudy-day,"VABP,42667099999,42763099999"
"Bhopal, Madhya Pradesh, India",2024-05-26T12:00:00,107.6,105.4,51.8,15.98,0,0,,0,0,16.6,8.1,290,1002,50,3.7,868.8,3.1,9,,Partially cloudy,partly-cloudy-day,"VABP,42667099999"
"Bhopal, Madhya Pradesh, India",2024-05-26T13:00:00,103.9,109.2,66.1,29.72,0,0,,0,0,26.4,13.2,350.3,999,12.5,,787.7,2.8,8,,Clear,clear-day,remote
"Bhopal, Madhya Pradesh, India",2024-05-26T14:00:00,111.8,111.8,45.1,10.99,0,0,,0,0,28.4,16,319,996.3,54.7,3.1,812.1,2.9,8,,Partially cloudy,partly-cloudy-day,"VABP,42667099999,42763099999"
"Bhopal, Madhya Pradesh, India",2024-05-26T15:00:00,109.8,112.3,60.7,20.66,0,0,,0,0,28.6,15,353,997,13.9,,719.7,2.6,7,,Clear,clear-day,remote
"Bhopal, Madhya Pradesh, India",2024-05-26T16:00:00,109.4,104.5,42.8,10.81,0,0,,0,0,28.6,16.1,340,998,88.9,3.7,652.4,2.3,7,,Partially cloudy,partly-cloudy-day,"VABP,42667099999"
"Bhopal, Madhya Pradesh, India",2024-05-26T17:00:00,109.6,105.7,46.8,12.49,0,0,,0,0,27.7,4.6,21,995,83.4,2.9,423.3,1.5,4,,Partially cloudy,partly-cloudy-day,"VABP,42672099999,42667099999,42763099999"
"Bhopal, Madhya Pradesh, India",2024-05-26T18:00:00,107.6,103.3,44.6,12.2,0,0,,0,0,25.1,8.1,350,998,88.9,3.1,230.5,0.8,2,,Partially cloudy,partly-cloudy-day,"VABP,42667099999"
"Bhopal, Madhya Pradesh, India",2024-05-26T19:00:00,104,99.5,42.8,12.67,0,0,,0,0,18.3,4.7,330,998,50,3.7,95.9,0.3,1,,Partially cloudy,partly-cloudy-day,"VABP,42667099999"
"Bhopal, Madhya Pradesh, India",2024-05-26T20:00:00,100.9,96.5,42.8,13.89,0,0,,0,0,17.2,3.4,315,996.9,27.3,3.2,6.6,0,0,,Partially cloudy,partly-cloudy-night,"VABP,42667099999"
"Bhopal, Madhya Pradesh, India",2024-05-26T21:00:00,100.4,98.4,53.6,21.14,0,0,,0,0,16.8,13.9,220,1000,27.3,3.7,0,0,0,,Partially cloudy,partly-cloudy-night,"VABP,42667099999"
"Bhopal, Madhya Pradesh, India",2024-05-26T22:00:00,99.6,99.9,59.4,26.77,0,0,,0,0,15.7,6.7,345.3,997,16.2,,0,0,0,,Clear,clear-night,remote
"Bhopal, Madhya Pradesh, India",2024-05-26T23:00:00,94,92.5,56.2,28.26,0,0,,0,0,13.9,6.9,270,999.2,27.3,3.2,0,0,0,,Partially cloudy,partly-cloudy-night,"VABP,42667099999"
"Bhopal, Madhya Pradesh, India",2024-05-27T00:00:00,95.3,94.6,58.6,29.57,0,0,,0,0,13.2,5.6,290.8,998,31.5,,0,0,0,,Partially cloudy,partly-cloudy-night,remote
"Bhopal, Madhya Pradesh, India",2024-05-27T01:00:00,93.1,92.4,58.7,31.81,0,0,,0,0,14.3,8.1,298.2,998,22.9,,0,0,0,,Partially cloudy,partly-cloudy-night,remote
"Bhopal, Madhya Pradesh, India",2024-05-27T02:00:00,92.6,91.3,57.3,30.72,0,0,,0,0,15.2,8.1,270,996.3,30,2.5,0,0,0,,Partially cloudy,partly-cloudy-night,42667099999
"Bhopal, Madhya Pradesh, India",2024-05-27T03:00:00,92.2,94.5,65,40.86,0,0,,0,0,13.9,7.8,305.2,998,93.2,,0,0,0,,Overcast,cloudy,remote
"Bhopal, Madhya Pradesh, India",2024-05-27T04:00:00,90.9,95.4,68.4,47.84,0,0,,0,0,14.1,8.1,299.6,997,99.1,,0,0,0,,Overcast,cloudy,remote
"Bhopal, Madhya Pradesh, India",2024-05-27T05:00:00,90.9,89.9,58.2,33.35,0,0,,0,0,16.3,9.2,254,998.3,40.7,3.2,0,0,0,,Partially cloudy,partly-cloudy-night,"VABP,42667099999"
"Bhopal, Madhya Pradesh, India",2024-05-27T06:00:00,94,100.3,69.9,45.69,0,0,,0,0,17.9,12.3,296.1,998,91.9,,0,0,0,,Overcast,cloudy,remote
"Bhopal, Madhya Pradesh, India",2024-05-27T07:00:00,93.2,94.2,62.6,36.39,0,0,,0,0,18.1,15,250,1001,50,3.7,36.4,0.1,0,,Partially cloudy,partly-cloudy-day,"VABP,42667099999"
"Bhopal, Madhya Pradesh, India",2024-05-27T08:00:00,95.2,97,63.5,35.21,0,0,,0,0,17.7,7.9,245,998.9,67.8,3.2,190.4,0.7,2,,Partially cloudy,partly-cloudy-day,"VABP,42672099999,42667099999,42763099999"
"Bhopal, Madhya Pradesh, India",2024-05-27T09:00:00,94.2,100.5,69.9,45.44,0,0,,0,0,22.6,12.8,300.9,999,86.5,,415.1,1.5,4,,Partially cloudy,partly-cloudy-day,remote
"Bhopal, Madhya Pradesh, India",2024-05-27T10:00:00,102.2,103.6,60.8,25.96,0,0,,0,0,23.5,10.3,270,1001,0,3.7,617.8,2.2,6,,Clear,clear-day,"VABP,42667099999"
"Bhopal, Madhya Pradesh, India",2024-05-27T11:00:00,106,107.2,59.4,22.03,0,0,,0,0,23.7,9.1,290,997.7,30,3.1,804.2,2.9,8,,Partially cloudy,partly-cloudy-day,"VABP,42667099999,42763099999"
"Bhopal, Madhya Pradesh, India",2024-05-27T12:00:00,107.6,105.4,51.8,15.98,0,0,,0,0,23.5,9.2,290,1000,0,3.7,921.5,3.3,9,,Clear,clear-day,"VABP,42667099999"
"Bhopal, Madhya Pradesh, India",2024-05-27T13:00:00,111.2,111.2,41,9.57,0,0,,0,0,20.4,12.8,280,999,50,3.7,955.4,3.4,10,,Partially cloudy,partly-cloudy-day,"VABP,42667099999"
"Bhopal, Madhya Pradesh, India",2024-05-27T14:00:00,112.1,112.1,41.2,9.4,0,0,,0,0,23.3,16,290,991.5,30,3.1,694.7,2.5,7,,Partially cloudy,partly-cloudy-day,"VABP,42667099999,42763099999"
"Bhopal, Madhya Pradesh, India",2024-05-27T15:00:00,111.2,111.2,39.2,8.92,0,0,,0,0,25.1,15,280,997,27.3,3.7,689.8,2.5,7,,Partially cloudy,partly-cloudy-day,"VABP,42667099999"
"Bhopal, Madhya Pradesh, India",2024-05-27T16:00:00,113,113,37.4,7.9,0,0,,0,0,25.5,18.3,270,994,50,3.7,668.2,2.4,7,,Partially cloudy,partly-cloudy-day,"VABP,42667099999"
"Bhopal, Madhya Pradesh, India",2024-05-27T17:00:00,111.2,111.2,39.4,8.98,0,0,,0,0,24.6,12.5,270,990.5,40.7,3.2,506,1.8,5,,Partially cloudy,partly-cloudy-day,"VABP,42672099999,42667099999,42763099999"
"Bhopal, Madhya Pradesh, India",2024-05-27T18:00:00,107.6,102.1,39.2,9.91,0,0,,0,0,22.4,10.3,270,997,50,3.7,326.9,1.2,3,,Partially cloudy,partly-cloudy-day,"VABP,42667099999"
"Bhopal, Madhya Pradesh, India",2024-05-27T19:00:00,100.4,95.6,39.2,12.27,0,0,,0,0,16.1,5.8,270,997,50,3.7,121,0.4,1,,Partially cloudy,partly-cloudy-day,"VABP,42667099999"
"Bhopal, Madhya Pradesh, India",2024-05-27T20:00:00,100.9,96.7,43.8,14.42,0,0,,0,0,11,8.1,230,993.1,3.9,3.2,8.3,0,0,,Clear,clear-night,"VABP,42667099999"
"Bhopal, Madhya Pradesh, India",2024-05-27T21:00:00,100.4,97.4,50,18.51,0,0,,0,0,15.2,9.2,240,999,0,3.7,0,0,0,,Clear,clear-night,"VABP,42667099999"
"Bhopal, Madhya Pradesh, India",2024-05-27T22:00:00,96.8,93.7,50,20.65,0,0,,0,0,19,6.9,270,999,0,3.7,0,0,0,,Clear,clear-night,"VABP,42667099999"
"Bhopal, Madhya Pradesh, India",2024-05-27T23:00:00,96.8,94.8,54.3,24.17,0,0,,0,0,22.6,10.3,230,997.8,0,3.2,0,0,0,,Clear,clear-night,"VABP,42667099999"
"Bhopal, Madhya Pradesh, India",2024-05-28T00:00:00,96.3,101.3,67.7,39.48,0,0,,0,0,24.6,13.6,280.7,997,0,,0,0,0,,Clear,clear-night,remote
"Bhopal, Madhya Pradesh, India",2024-05-28T01:00:00,96.2,101.2,67.9,39.95,0,0,,0,0,26.4,14.3,281.1,997,2,,0,0,0,,Clear,clear-night,remote
"Bhopal, Madhya Pradesh, India",2024-05-28T02:00:00,93.3,94.4,62.7,36.41,0,0,,0,0,26.6,11.4,250,994.5,2.4,2.5,0,0,0,,Clear,clear-night,42667099999
"Bhopal, Madhya Pradesh, India",2024-05-28T03:00:00,93.5,98.7,68.8,44.78,0,0,,0,0,26.2,14.1,282.6,997,5.1,,0,0,0,,Clear,clear-night,remote
"Bhopal, Madhya Pradesh, India",2024-05-28T04:00:00,89.9,95,69.5,51.35,0,0,,0,0,25.5,12.5,281.7,997,2.9,,0,0,0,,Clear,clear-night,remote
"Bhopal, Madhya Pradesh, India",2024-05-28T05:00:00,88.3,93.1,69.5,53.83,0,0,,0,0,24.6,6.9,200,998.1,18,3.2,0,0,0,,Clear,clear-night,"VABP,42667099999"
"Bhopal, Madhya Pradesh, India",2024-05-28T06:00:00,87.8,94.2,71.6,58.81,0,0,,0,0,23.5,8.1,210,1001,0,3.7,0,0,0,,Clear,clear-day,"VABP,42667099999"
"Bhopal, Madhya Pradesh, India",2024-05-28T07:00:00,89.6,96.4,71.6,55.56,0,0,,0,0,21.5,13.9,220,1001,0,3.7,40,0.1,0,,Clear,clear-day,"VABP,42667099999"
"Bhopal, Madhya Pradesh, India",2024-05-28T08:00:00,90.7,97.5,71.3,53.17,0,0,,0,0,24.2,15.8,225,999.9,85.8,3.2,203.5,0.7,2,,Partially cloudy,partly-cloudy-day,"VABP,42672099999,42667099999,42763099999"
"Bhopal, Madhya Pradesh, India",2024-05-28T09:00:00,93.2,99.2,69.8,46.71,0,0,,0,0,27.1,16.1,200,1002,0,3.7,418.8,1.5,4,,Clear,clear-day,"VABP,42667099999"
"Bhopal, Madhya Pradesh, India",2024-05-28T10:00:00,98.6,100.4,62.6,30.84,0,0,,0,0,27.3,18.3,250,1001,0,3.7,616.9,2.2,6,,Clear,clear-day,"VABP,42667099999"
"Bhopal, Madhya Pradesh, India",2024-05-28T11:00:00,103,105.1,61.8,26.26,0,0,,0,0,27.1,16,245,998.6,0.3,3.1,789.5,2.8,8,,Clear,clear-day,"VABP,42667099999,42763099999"
"Bhopal, Madhya Pradesh, India",2024-05-28T12:00:00,103,110.3,68.6,33.3,0,0,,0,0,26.4,13.4,280.1,998,8.5,,918.6,3.3,9,,Clear,clear-day,remote
"Bhopal, Madhya Pradesh, India",2024-05-28T13:00:00,107.6,106.9,55.4,18.23,0,0,,0,0,28,13.9,240,999,0,3.7,974.8,3.5,10,,Clear,clear-day,"VABP,42667099999"
"Bhopal, Madhya Pradesh, India",2024-05-28T14:00:00,110.8,110.8,59.2,19.02,0,0,,0,0,27.7,13.8,250,996,27.4,3.1,892.9,3.2,9,,Partially cloudy,partly-cloudy-day,"VABP,42667099999,42763099999"
"Bhopal, Madhya Pradesh, India",2024-05-28T15:00:00,109.4,104.5,42.8,10.81,0,0,,0,0,26.8,11.4,260,998,27.3,3.7,827.3,3,8,,Partially cloudy,partly-cloudy-day,"VABP,42667099999"
"Bhopal, Madhya Pradesh, India",2024-05-28T16:00:00,109.4,103.7,39.2,9.4,0,0,,0,0,26.2,12.8,240,997,27.3,3.7,645.1,2.3,6,,Partially cloudy,partly-cloudy-day,"VABP,42667099999"
"Bhopal, Madhya Pradesh, India",2024-05-28T17:00:00,110,105.8,45.9,11.97,0,0,,0,0,24.8,12.3,270,991.5,30,2.6,523,1.9,5,,Partially cloudy,partly-cloudy-day,"42672099999,42667099999,42763099999"
"Bhopal, Madhya Pradesh, India",2024-05-28T18:00:00,110.2,110.2,54.9,16.62,0,0,,0,0,23.7,9.8,286,994,37.7,,315.3,1.1,3,,Partially cloudy,partly-cloudy-day,remote
"Bhopal, Madhya Pradesh, India",2024-05-28T19:00:00,102.2,97.8,42.8,13.36,0,0,,0,0,19.5,10.3,230,999,27.3,3.7,126.2,0.5,1,,Partially cloudy,partly-cloudy-day,"VABP,42667099999"
"Bhopal, Madhya Pradesh, India",2024-05-28T20:00:00,102.2,98.3,46,15.09,0,0,,0,0,17.9,10.3,230,996.8,27.3,3.2,8.2,0,0,,Partially cloudy,partly-cloudy-night,"VABP,42667099999"
"Bhopal, Madhya Pradesh, India",2024-05-28T21:00:00,98.6,98.5,59,27.14,0,0,,0,0,21.5,15,230,1000,27.3,3.7,0,0,0,,Partially cloudy,partly-cloudy-night,"VABP,42667099999"
"Bhopal, Madhya Pradesh, India",2024-05-28T22:00:00,100.3,101.5,61.1,27.74,0,0,,0,0,21.5,12.3,270.1,997,36.9,,0,0,0,,Partially cloudy,partly-cloudy-night,remote
"Bhopal, Madhya Pradesh, India",2024-05-28T23:00:00,94.6,95.8,62.7,34.97,0,0,,0,0,21.7,16.1,230,998.2,27.3,3.2,0,0,0,,Partially cloudy,partly-cloudy-night,"VABP,42667099999"
"Bhopal, Madhya Pradesh, India",2024-05-29T00:00:00,94.9,99.2,67.4,40.76,0,0,,0,0,22.8,13.6,272.9,998,10.5,,0,0,0,,Clear,clear-night,remote
"Bhopal, Madhya Pradesh, India",2024-05-29T01:00:00,94.2,98.7,67.7,42.19,0,0,,0,0,24.8,13,275.7,998,6.3,,0,0,0,,Clear,clear-night,remote
"Bhopal, Madhya Pradesh, India",2024-05-29T02:00:00,92.4,94.4,64.5,39.88,0,0,,0,0,23.7,11.4,230,995.2,30,2.5,0,0,0,,Partially cloudy,partly-cloudy-night,42667099999
"Bhopal, Madhya Pradesh, India",2024-05-29T03:00:00,91.5,97.4,70.1,49.72,0,0,,0,0,21.3,11,272,998,5.1,,0,0,0,,Clear,clear-night,remote
"Bhopal, Madhya Pradesh, India",2024-05-29T04:00:00,88.6,94.2,70.4,55.09,0,0,,0,0,20.1,9.8,258.6,997,7.7,,0,0,0,,Clear,clear-night,remote
"Bhopal, Madhya Pradesh, India",2024-05-29T05:00:00,87.6,91.2,68,52.29,0,0,,0,0,19.9,11.4,230,998.9,27.3,3.2,0,0,0,,Partially cloudy,partly-cloudy-night,"VABP,42667099999"
"Bhopal, Madhya Pradesh, India",2024-05-29T06:00:00,86,91.9,71.6,62.28,0,0,,0,0,19.2,8.1,210,1002,12.1,3.7,0,0,0,,Clear,clear-day,"VABP,42667099999"
"Bhopal, Madhya Pradesh, India",2024-05-29T07:00:00,87.8,94.2,71.6,58.81,0,0,,0,0,18.6,13.9,210,1003,24.7,3.7,38.7,0.1,0,,Partially cloudy,partly-cloudy-day,"VABP,42667099999"
"Bhopal, Madhya Pradesh, India",2024-05-29T08:00:00,88.7,95.3,71.7,57.33,0,0,,0,0,23.9,13.6,200,1001.2,45.1,3.2,201.2,0.7,2,,Partially cloudy,partly-cloudy-day,"VABP,42672099999,42667099999,42763099999"
"Bhopal, Madhya Pradesh, India",2024-05-29T09:00:00,91.4,97,69.8,49.4,0,0,,0,0,25.5,13.9,220,1003,50,3.7,413.4,1.5,4,,Partially cloudy,partly-cloudy-day,"VABP,42667099999"
"Bhopal, Madhya Pradesh, India",2024-05-29T10:00:00,95,101.4,69.8,44.18,0,0,,0,0,25.7,11.4,210,1003,0,3.7,620.7,2.2,6,,Clear,clear-day,"VABP,42667099999"
"Bhopal, Madhya Pradesh, India",2024-05-29T11:00:00,99.4,105.7,68.5,36.89,0,0,,0,0,25.5,13.8,225,1000.6,10,3.1,767.2,2.8,8,,Clear,clear-day,"VABP,42667099999,42763099999"
"Bhopal, Madhya Pradesh, India",2024-05-29T12:00:00,100.4,105,66.2,33.11,0,0,,0,0,25.1,13.9,200,1002,0,3.7,906.6,3.3,9,,Clear,clear-day,"VABP,42667099999"
"Bhopal, Madhya Pradesh, India",2024-05-29T13:00:00,104,108,64.4,27.93,0,0,,0,0,24.6,6.9,190,1001,0,3.7,961.1,3.5,10,,Clear,clear-day,"VABP,42667099999"
"Bhopal, Madhya Pradesh, India",2024-05-29T14:00:00,107.1,109.1,60.5,22.19,0,0,,0,0,23.9,8,225,997.5,30,3.1,940.4,3.4,9,,Partially cloudy,partly-cloudy-day,"VABP,42667099999,42763099999"
"Bhopal, Madhya Pradesh, India",2024-05-29T15:00:00,107.6,107.8,57.2,19.45,0,0,,0,0,23,10.3,210,1000,27.3,3.7,849.3,3.1,8,,Partially cloudy,partly-cloudy-day,"VABP,42667099999"
"Bhopal, Madhya Pradesh, India",2024-05-29T16:00:00,107.6,103.3,44.6,12.2,0,0,,0,0,22.4,10.3,230,999,50,3.7,718.4,2.6,7,,Partially cloudy,partly-cloudy-day,"VABP,42667099999"
"Bhopal, Madhya Pradesh, India",2024-05-29T17:00:00,108.6,105.8,49.8,14.38,0,0,,0,0,21.3,10.3,205,996.3,49.9,3.1,492.3,1.8,5,,Partially cloudy,partly-cloudy-day,"VABP,42667099999,42763099999"
"Bhopal, Madhya Pradesh, India",2024-05-29T18:00:00,104,100.7,48.2,15.54,0,0,,0,0,19.7,9.2,220,1000,50,3.7,202,0.7,2,,Partially cloudy,partly-cloudy-day,"VABP,42667099999"
"Bhopal, Madhya Pradesh, India",2024-05-29T19:00:00,102.2,98.4,46.4,15.33,0,0,,0,0,16.1,6.9,220,1000,50,3.7,83.1,0.3,1,,Partially cloudy,partly-cloudy-day,"VABP,42667099999"
"Bhopal, Madhya Pradesh, India",2024-05-29T20:00:00,98.6,95.4,49.1,18.92,0,0,,0,0,12.3,5.8,205,998.9,27.3,3.2,4.3,0,0,,Partially cloudy,partly-cloudy-night,"VABP,42667099999"
"Bhopal, Madhya Pradesh, India",2024-05-29T21:00:00,96.8,93.4,48.2,19.31,0,0,,0,0,13.4,6.9,220,1002,27.3,3.7,0,0,0,,Partially cloudy,partly-cloudy-night,"VABP,42667099999"
"Bhopal, Madhya Pradesh, India",2024-05-29T22:00:00,95,91.9,50,21.82,0,0,,0,0,16.1,9.2,230,1002,27.3,3.7,0,0,0,,Partially cloudy,partly-cloudy-night,"VABP,42667099999"
"Bhopal, Madhya Pradesh, India",2024-05-29T23:00:00,95.5,93.2,53.6,24.5,0,0,,0,0,19.2,10.3,245,1000.7,27.3,3.2,0,0,0,,Partially cloudy,partly-cloudy-night,"VABP,42667099999"
"Bhopal, Madhya Pradesh, India",2024-05-30T00:00:00,95.1,96.7,63.2,35.1,0,0,,0,0,22.1,11.2,276.5,1001,11.8,,0,0,0,,Clear,clear-night,remote
"Bhopal, Madhya Pradesh, India",2024-05-30T01:00:00,93.8,95.9,64.3,37.89,0,0,,0,0,21.5,11.9,278,1001,7.1,,0,0,0,,Clear,clear-night,remote
"Bhopal, Madhya Pradesh, India",2024-05-30T02:00:00,92.9,90.7,53.9,26.83,0,0,,0,0,21.7,8.1,250,997.5,4.2,2.5,0,0,0,,Clear,clear-night,42667099999
"Bhopal, Madhya Pradesh, India",2024-05-30T03:00:00,89.9,93.6,67.7,48.27,0,0,,0,0,21.5,11.2,275.6,1001,2.8,,0,0,0,,Clear,clear-night,remote
"Bhopal, Madhya Pradesh, India",2024-05-30T04:00:00,87,93.4,71.9,60.9,0,0,,0,0,20.4,11.6,278.9,1001,2,,0,0,0,,Clear,clear-night,remote
"Bhopal, Madhya Pradesh, India",2024-05-30T05:00:00,85.7,92.5,72.8,65.58,0,0,,0,0,19.7,11.4,245,1001.6,1.9,3.2,0,0,0,,Clear,clear-night,"VABP,42667099999"
"Bhopal, Madhya Pradesh, India",2024-05-30T06:00:00,84.2,90.9,73.4,70.11,0,0,,0,0,19,11.4,230,1004,0,3.7,0,0,0,,Clear,clear-day,"VABP,42667099999"
"Bhopal, Madhya Pradesh, India",2024-05-30T07:00:00,87.8,95.9,73.4,62.5,0,0,,0,0,19.9,18.3,230,1005,0,3.7,39.5,0.1,0,,Clear,clear-day,"VABP,42667099999"
"Bhopal, Madhya Pradesh, India",2024-05-30T08:00:00,88.7,96.7,73.1,60.2,0,0,,0,0,24.6,12.6,234,1004.1,30,3.2,204.7,0.7,2,,Partially cloudy,partly-cloudy-day,"VABP,42672099999,42667099999,42763099999"
"Bhopal, Madhya Pradesh, India",2024-05-30T09:00:00,91.4,100.5,73.4,55.8,0,0,,0,0,25.5,12.8,230,1006,0,3.7,414.1,1.5,4,,Clear,clear-day,"VABP,42667099999"
"Bhopal, Madhya Pradesh, India",2024-05-30T10:00:00,88.8,96.7,72.9,59.66,0,0,,0,0,25.5,11.9,285.7,1003,0,,624.1,2.2,6,,Clear,clear-day,remote
"Bhopal, Madhya Pradesh, India",2024-05-30T11:00:00,97.6,104.9,70.1,41.17,0,0,,0,0,24.8,9.1,233,1003,0,3.1,796.2,2.9,8,,Clear,clear-day,"VABP,42667099999,42763099999"
"Bhopal, Madhya Pradesh, India",2024-05-30T12:00:00,98.6,101.5,64.4,32.84,0,0,,0,0,23.3,10.3,230,1005,27.3,3.7,912.4,3.3,9,,Partially cloudy,partly-cloudy-day,"VABP,42667099999"
"Bhopal, Madhya Pradesh, India",2024-05-30T13:00:00,102.2,104.6,62.6,27.67,0,0,,0,0,21.9,9.2,150,1004,27.3,3.7,976.5,3.5,10,,Partially cloudy,partly-cloudy-day,"VABP,42667099999"
"Bhopal, Madhya Pradesh, India",2024-05-30T14:00:00,104.2,104.6,58.3,22.31,0,0,,0,0,21,8,160,1000.5,27.3,3.1,955.2,3.4,10,,Partially cloudy,partly-cloudy-day,"VABP,42667099999,42763099999"
"Bhopal, Madhya Pradesh, India",2024-05-30T15:00:00,105.8,105.8,57.2,20.51,0,0,,0,0,19.9,5.8,160,1002,27.3,3.7,819.1,2.9,8,,Partially cloudy,partly-cloudy-day,"VABP,42667099999"
"Bhopal, Madhya Pradesh, India",2024-05-30T16:00:00,106.1,109.4,62.9,24.9,0,0,,0,0,19,6.3,258.8,999,99.8,,667.8,2.4,7,,Overcast,cloudy,remote
"Bhopal, Madhya Pradesh, India",2024-05-30T17:00:00,104.9,102.4,51.2,16.91,0,0,,0,0,17.7,9,155,999.4,30,3.2,474.1,1.7,5,,Partially cloudy,partly-cloudy-day,"VABP,42672099999,42667099999,42763099999"
"Bhopal, Madhya Pradesh, India",2024-05-30T18:00:00,106.4,108.7,61.1,23.12,0,0,,0,0,16.1,5.8,240.9,999,90,,336.4,1.2,3,,Partially cloudy,partly-cloudy-day,remote
"Bhopal, Madhya Pradesh, India",2024-05-30T19:00:00,105.5,108.5,62.5,24.98,0,0,,0,0,14.1,4,230.5,999,100,,132,0.5,1,,Overcast,cloudy,remote
"Bhopal, Madhya Pradesh, India",2024-05-30T20:00:00,97.6,95.8,54.6,23.81,0,0,,0,0,8.5,6.9,180,1001.9,95.7,3.2,9,0,0,,Overcast,cloudy,"VABP,42667099999"
"Bhopal, Madhya Pradesh, India",2024-05-30T21:00:00,95,94.5,59,30.3,0,0,,0,0,10.1,5.8,160,1004,0,3.7,0,0,0,,Clear,clear-night,"VABP,42667099999"
"Bhopal, Madhya Pradesh, India",2024-05-30T22:00:00,91.4,90.7,59,33.87,0,0,,0,0,10.7,3.4,170,1005,0,3.7,0,0,0,,Clear,clear-night,"VABP,42667099999"
"Bhopal, Madhya Pradesh, India",2024-05-30T23:00:00,90.5,90.9,61.8,38.41,0,0,,0,0,11.4,4.7,180,1002.9,88.3,3.2,0,0,0,,Partially cloudy,partly-cloudy-night,"VABP,42667099999"
"Bhopal, Madhya Pradesh, India",2024-05-31T00:00:00,92,92.6,62,36.91,0,0,,0,0,13.4,7.2,250.9,1002,90.1,,0,0,0,,Overcast,cloudy,remote
"Bhopal, Madhya Pradesh, India",2024-05-31T01:00:00,91.8,93.1,63.4,39.05,0,0,,0,0,15.2,8.5,268.7,1002,24.2,,0,0,0,,Partially cloudy,partly-cloudy-night,remote
"Bhopal, Madhya Pradesh, India",2024-05-31T02:00:00,89,90,63.2,42.47,0,0,,0,0,17.4,5.8,200,999.9,2.9,2.5,0,0,0,,Clear,clear-night,42667099999
"Bhopal, Madhya Pradesh, India",2024-05-31T03:00:00,89.1,91.2,65.2,45.25,0,0,,0,0,17.9,9.8,279.4,1002,0.8,,0,0,0,,Clear,clear-night,remote
"Bhopal, Madhya Pradesh, India",2024-05-31T04:00:00,86.8,88.8,65.4,49.04,0,0,,0,0,18.3,9.8,283.1,1002,2.1,,0,0,0,,Clear,clear-night,remote
"Bhopal, Madhya Pradesh, India",2024-05-31T05:00:00,86.8,88,63.7,46.17,0,0,,0,0,18.8,8.1,230,1003.5,2.3,3.2,0,0,0,,Clear,clear-night,"VABP,42667099999"
"Bhopal, Madhya Pradesh, India",2024-05-31T06:00:00,86,89.4,68,55.08,0,0,,0,0,18.8,12.8,230,1006,0,3.7,0,0,0,,Clear,clear-day,"VABP,42667099999"
"Bhopal, Madhya Pradesh, India",2024-05-31T07:00:00,87.8,92.7,69.8,55.32,0,0,,0,0,18.6,12.8,250,1006,0,3.7,40.3,0.1,0,,Clear,clear-day,"VABP,42667099999"
"Bhopal, Madhya Pradesh, India",2024-05-31T08:00:00,91.7,97.6,70.1,49.56,0,0,,0,0,21.5,11.2,239,1004.9,0.1,3.2,205.6,0.7,2,,Clear,clear-day,"VABP,42672099999,42667099999,42763099999"
"Bhopal, Madhya Pradesh, India",2024-05-31T09:00:00,93.2,96.4,66.2,41.27,0,0,,0,0,21.9,11.4,250,1007,0,3.7,417.4,1.5,4,,Clear,clear-day,"VABP,42667099999"
"Bhopal, Madhya Pradesh, India",2024-05-31T10:00:00,95,99.8,68,41.54,0,0,,0,0,21.9,9.2,230,1007,0,3.7,604.9,2.2,6,,Clear,clear-day,"VABP,42667099999"
"Bhopal, Madhya Pradesh, India",2024-05-31T11:00:00,99.4,103.6,65.9,33.76,0,0,,0,0,20.8,11.9,234,1004.4,30,3.1,794.7,2.9,8,,Partially cloudy,partly-cloudy-day,"VABP,42667099999,42763099999"
"Bhopal, Madhya Pradesh, India",2024-05-31T12:00:00,100.4,103.7,64.4,31.1,0,0,,0,0,19.7,9.2,210,1006,27.3,3.7,914.4,3.3,9,,Partially cloudy,partly-cloudy-day,"VABP,42667099999"
"Bhopal, Madhya Pradesh, India",2024-05-31T13:00:00,102.2,102.6,59,24.35,0,0,,0,0,17.4,1.1,80,1005,50,3.7,971.1,3.5,10,,Partially cloudy,partly-cloudy-day,"VABP,42667099999"
"Bhopal, Madhya Pradesh, India",2024-05-31T14:00:00,104.7,104.9,58,21.8,0,0,,0,0,15.9,6.9,275,1001.5,49.9,3.1,957.5,3.4,10,,Partially cloudy,partly-cloudy-day,"VABP,42667099999,42763099999"
"Bhopal, Madhya Pradesh, India",2024-05-31T15:00:00,105.8,104.2,53.6,18,0,0,,0,0,14.8,8.1,260,1003,50,3.7,867.9,3.1,9,,Partially cloudy,partly-cloudy-day,"VABP,42667099999"
"Bhopal, Madhya Pradesh, India",2024-05-31T16:00:00,105.8,103.6,51.8,16.85,0,0,,0,0,14.5,8.1,210,1003,27.3,3.7,618.8,2.2,6,,Partially cloudy,partly-cloudy-day,"VABP,42667099999"
"Bhopal, Madhya Pradesh, India",2024-05-31T17:00:00,105.5,106.3,58.8,21.89,0,0,,0,0,14.8,7.9,230,1000.2,27.3,3.2,432.1,1.6,4,,Partially cloudy,partly-cloudy-day,"VABP,42672099999,42667099999,42763099999"
"Bhopal, Madhya Pradesh, India",2024-05-31T18:00:00,102.2,99.8,51.8,18.75,0,0,,0,0,15.2,6.9,250,1003,27.3,3.7,258,0.9,3,,Partially cloudy,partly-cloudy-day,"VABP,42667099999"
"Bhopal, Madhya Pradesh, India",2024-05-31T19:00:00,100.4,97.9,51.8,19.79,0,0,,0,0,15,5.8,240,1004,27.3,3.7,96.7,0.3,1,,Partially cloudy,partly-cloudy-day,"VABP,42667099999"
"Bhopal, Madhya Pradesh, India",2024-05-31T20:00:00,100.2,98.1,53.2,20.93,0,0,,0,0,11.9,5.8,230,1001.7,27.3,3.2,8.4,0,0,,Partially cloudy,partly-cloudy-night,"VABP,42667099999"
"Bhopal, Madhya Pradesh, India",2024-05-31T21:00:00,96.8,94.6,53.6,23.58,0,0,,0,0,11.4,6.9,220,1004,27.3,3.7,0,0,0,,Partially cloudy,partly-cloudy-night,"VABP,42667099999"
"Bhopal, Madhya Pradesh, India",2024-05-31T22:00:00,95,92.7,53.6,24.92,0,0,,0,0,12.1,5.8,300,1005,27.3,3.7,0,0,0,,Partially cloudy,partly-cloudy-night,"VABP,42667099999"
"Bhopal, Madhya Pradesh, India",2024-05-31T23:00:00,95,94.4,58.8,30.12,0,0,,0,0,14.3,9.2,270,1003,27.3,3.2,0,0,0,,Partially cloudy,partly-cloudy-night,"VABP,42667099999"
